-- MySQL Administrator dump 1.4
--
-- ------------------------------------------------------
-- Server version	5.0.3-beta-nt


/*!40101 SET @OLD_CHARACTER_SET_CLIENT=@@CHARACTER_SET_CLIENT */;
/*!40101 SET @OLD_CHARACTER_SET_RESULTS=@@CHARACTER_SET_RESULTS */;
/*!40101 SET @OLD_COLLATION_CONNECTION=@@COLLATION_CONNECTION */;
/*!40101 SET NAMES utf8 */;

/*!40014 SET @OLD_UNIQUE_CHECKS=@@UNIQUE_CHECKS, UNIQUE_CHECKS=0 */;
/*!40014 SET @OLD_FOREIGN_KEY_CHECKS=@@FOREIGN_KEY_CHECKS, FOREIGN_KEY_CHECKS=0 */;
/*!40101 SET @OLD_SQL_MODE=@@SQL_MODE, SQL_MODE='NO_AUTO_VALUE_ON_ZERO' */;


--
-- Create schema academico
--

CREATE DATABASE IF NOT EXISTS academico;
USE academico;

--
-- Definition of table `accesos`
--

DROP TABLE IF EXISTS `accesos`;
CREATE TABLE `accesos` (
  `codigoacc` int(11) NOT NULL,
  `perfil` int(11) default NULL,
  `modulo` varchar(100) default NULL,
  `guardar` tinyint(1) default NULL,
  `eliminar` tinyint(1) default NULL,
  `actualizar` tinyint(1) default NULL,
  `ingresar` tinyint(1) default '0',
  PRIMARY KEY  (`codigoacc`),
  KEY `FK_perfil` (`perfil`),
  KEY `FKB9CEF71382A62D53` (`perfil`),
  CONSTRAINT `FKB9CEF71382A62D53` FOREIGN KEY (`perfil`) REFERENCES `global` (`codigo`),
  CONSTRAINT `FK_perfil` FOREIGN KEY (`perfil`) REFERENCES `global` (`codigo`)
) ENGINE=InnoDB DEFAULT CHARSET=latin1;

--
-- Dumping data for table `accesos`
--

/*!40000 ALTER TABLE `accesos` DISABLE KEYS */;
INSERT INTO `accesos` (`codigoacc`,`perfil`,`modulo`,`guardar`,`eliminar`,`actualizar`,`ingresar`) VALUES 
 (1,NULL,'Accesos',1,1,1,1),
 (2,NULL,'Correos',1,1,1,1),
 (3,NULL,'Calificaciones',1,1,1,1),
 (4,NULL,'Cursos',1,1,1,1),
 (5,NULL,'Distributivo',1,1,1,1),
 (6,NULL,'Empleados',1,1,1,1),
 (7,NULL,'Equivalencias',1,1,1,1),
 (8,NULL,'Respaldos',1,1,1,1),
 (9,NULL,'Globales',1,1,1,1),
 (10,NULL,'Inspeccion',1,1,1,1),
 (11,NULL,'Institucion',1,1,1,1),
 (12,NULL,'Matricular',1,1,1,1),
 (14,NULL,'Calendario',1,1,1,1),
 (15,NULL,'Notas',1,1,1,1),
 (16,NULL,'Parametros',1,1,1,1),
 (17,NULL,'Periodos',1,1,1,1),
 (18,NULL,'EmpleadosPeriodos',1,1,1,1),
 (19,NULL,'Registrar',1,1,1,1),
 (20,NULL,'Registro de Disciplina',1,1,1,1),
 (21,NULL,'Registro de Notas',1,1,1,1),
 (22,NULL,'Reportes Estudiantes',1,1,1,1),
 (23,NULL,'Reportes Notas',1,1,1,1),
 (24,NULL,'Calendario',1,1,1,1),
 (25,NULL,'Textos',1,1,1,1),
 (26,NULL,'Trimestres',1,1,1,1),
 (80,NULL,'Registro de Faltas',1,1,1,1),
 (81,NULL,'Notas Primero-Quinto',1,1,1,1),
 (83,NULL,'Materias de Grado',1,1,1,1),
 (85,NULL,'Notas de Grado',1,1,1,1),
 (87,NULL,'Calculo Promedios',1,1,1,1),
 (89,NULL,'Acta de Grado',1,1,1,1),
 (91,NULL,'Notas de Acta',1,1,1,1),
 (93,NULL,'Pendientes',1,1,1,1),
 (94,NULL,'Auditoria',1,1,1,1),
 (127,2,'Accesos',1,1,1,1),
 (128,2,'Correos',1,1,1,1),
 (129,2,'Calificaciones',1,1,1,1),
 (130,2,'Cursos',1,1,1,1),
 (131,2,'Distributivo',1,1,1,1),
 (132,2,'Empleados',1,1,1,1),
 (133,2,'Equivalencias',1,1,1,1),
 (134,2,'Respaldos',1,1,1,1),
 (135,2,'Globales',1,1,1,1),
 (136,2,'Inspeccion',1,1,1,1),
 (137,2,'Institucion',1,1,1,1),
 (138,2,'Matricular',1,1,1,1),
 (139,2,'Calendario',1,1,1,1),
 (140,2,'Notas',1,1,1,1),
 (141,2,'Parametros',1,1,1,1),
 (142,2,'Periodos',1,1,1,1),
 (143,2,'EmpleadosPeriodos',1,1,1,1),
 (144,2,'Registrar',1,1,1,1),
 (145,2,'Registro de Disciplina',1,1,1,1),
 (146,2,'Registro de Notas',1,1,1,1),
 (147,2,'Reportes Estudiantes',1,1,1,1),
 (148,2,'Reportes Notas',1,1,1,1),
 (149,2,'Calendario',1,1,1,1),
 (150,2,'Textos',1,1,1,1),
 (151,2,'Trimestres',1,1,1,1),
 (152,2,'Registro de Faltas',1,1,1,1),
 (153,2,'Notas Primero-Quinto',1,1,1,1),
 (154,2,'Materias de Grado',1,1,1,1),
 (155,2,'Notas de Grado',1,1,1,1),
 (156,2,'Calculo Promedios',1,1,1,1),
 (157,2,'Acta de Grado',1,1,1,1),
 (158,2,'Notas de Acta',1,1,1,1),
 (159,2,'Pendientes',1,1,1,1),
 (160,2,'Auditoria',1,1,1,1);
/*!40000 ALTER TABLE `accesos` ENABLE KEYS */;


--
-- Definition of table `actagrado`
--

DROP TABLE IF EXISTS `actagrado`;
CREATE TABLE `actagrado` (
  `codigo` int(11) NOT NULL,
  `periodo` int(11) default NULL,
  `nombre` varchar(200) default NULL,
  `abreviatura` varchar(100) default NULL,
  `inicio` double(9,4) default NULL,
  `fin` double(9,4) default NULL,
  `formula` varchar(200) default NULL,
  `columna` varchar(30) default NULL,
  PRIMARY KEY  (`codigo`),
  KEY `FK_graperido` (`periodo`),
  CONSTRAINT `FK_acperiodoPeriodo` FOREIGN KEY (`periodo`) REFERENCES `periodo` (`codigoper`)
) ENGINE=InnoDB DEFAULT CHARSET=latin1;

--
-- Dumping data for table `actagrado`
--

/*!40000 ALTER TABLE `actagrado` DISABLE KEYS */;
INSERT INTO `actagrado` (`codigo`,`periodo`,`nombre`,`abreviatura`,`inicio`,`fin`,`formula`,`columna`) VALUES 
 (1,1,'1.- Trabajo comunitario anual (Educaci贸n Especial) ','Ed. Especial',NULL,NULL,'','nota1'),
 (2,1,'2.- Promedio global de los seis quimestres de Bachillerato ','Prom.6 sem ',0.0000,20.0000,'(primero+segundo+tercero+cuarto+quinto)/5','nota2'),
 (3,1,'3.- Evaluaci贸n escrita del perfil del bachillerato','Evaluacion',NULL,NULL,'sexto','nota3'),
 (4,1,'4.- Examenes escritos de grado','Examenes',0.0000,20.0000,'examenes','nota4'),
 (5,1,'Total','Total',NULL,NULL,'nota1()+nota2()+nota3()+nota4()','nota5'),
 (6,1,'PROMEDIO GENERAL:       ','Pro.Gen.',NULL,NULL,'nota5()/4','nota6'),
 (7,1,'NOTA DEFINITIVA DE GRADO:    ','Not. Grado',NULL,NULL,'nota6()','nota7'),
 (8,1,'Equivalencia','Equivalencia',NULL,NULL,'equivalencia(nota7())','nota8'),
 (9,2,'1.- Trabajo comunitario anual (Educaci贸n Especial) ','Ed. Especial',NULL,NULL,'','nota1'),
 (10,2,'2.- Promedio global de los seis quimestres de Bachillerato ','Prom.6 sem ',0.0000,20.0000,'(primero+segundo+tercero+cuarto+quinto)/5','nota2'),
 (11,2,'3.- Evaluaci贸n escrita del perfil del bachillerato','Evaluacion',NULL,NULL,'sexto','nota3'),
 (12,2,'4.- Examenes escritos de grado','Examenes',0.0000,20.0000,'examenes','nota4'),
 (13,2,'Total','Total',NULL,NULL,'nota1()+nota2()+nota3()+nota4()','nota5'),
 (14,2,'PROMEDIO GENERAL:       ','Pro.Gen.',NULL,NULL,'nota5()/4','nota6'),
 (15,2,'NOTA DEFINITIVA DE GRADO:    ','Not. Grado',NULL,NULL,'nota6()','nota7'),
 (16,2,'Equivalencia','Equivalencia',NULL,NULL,'equivalencia(nota7())','nota8');
/*!40000 ALTER TABLE `actagrado` ENABLE KEYS */;


--
-- Definition of table `asistencia`
--

DROP TABLE IF EXISTS `asistencia`;
CREATE TABLE `asistencia` (
  `codigoasis` int(11) NOT NULL,
  `periodo` int(11) default NULL,
  `matricula` int(11) default NULL,
  `laborados` int(11) default NULL,
  `faltas` int(11) default NULL,
  `justificadas` int(11) default NULL,
  `observacion` varchar(100) default NULL,
  PRIMARY KEY  (`codigoasis`),
  KEY `RELATIONSHIP_31_FK` (`matricula`),
  KEY `RELATIONSHIP_34_FK` (`periodo`),
  KEY `FK550EAF5ACC4EDE17` (`matricula`),
  KEY `FK550EAF5AA274C238` (`periodo`),
  CONSTRAINT `FK550EAF5AA274C238` FOREIGN KEY (`periodo`) REFERENCES `periodo` (`codigoper`),
  CONSTRAINT `FK550EAF5ACC4EDE17` FOREIGN KEY (`matricula`) REFERENCES `matriculas` (`codigomat`),
  CONSTRAINT `FK_asistencia` FOREIGN KEY (`matricula`) REFERENCES `matriculas` (`codigomat`),
  CONSTRAINT `FK_periodo` FOREIGN KEY (`periodo`) REFERENCES `periodo` (`codigoper`)
) ENGINE=InnoDB DEFAULT CHARSET=latin1;

--
-- Dumping data for table `asistencia`
--

/*!40000 ALTER TABLE `asistencia` DISABLE KEYS */;
/*!40000 ALTER TABLE `asistencia` ENABLE KEYS */;


--
-- Definition of table `auditoria`
--

DROP TABLE IF EXISTS `auditoria`;
CREATE TABLE `auditoria` (
  `codigo` int(11) NOT NULL auto_increment,
  `usuario` int(11) default NULL,
  `fecha` datetime default NULL,
  `tipo` varchar(100) default NULL,
  `ip` varchar(100) default NULL,
  `pc` varchar(100) default NULL,
  `tabla` varchar(100) default NULL,
  PRIMARY KEY  (`codigo`),
  KEY `FK_profesorauditado` (`usuario`),
  CONSTRAINT `FK_profesorauditado` FOREIGN KEY (`usuario`) REFERENCES `empleados` (`codigoemp`)
) ENGINE=InnoDB DEFAULT CHARSET=latin1;

--
-- Dumping data for table `auditoria`
--

/*!40000 ALTER TABLE `auditoria` DISABLE KEYS */;
INSERT INTO `auditoria` (`codigo`,`usuario`,`fecha`,`tipo`,`ip`,`pc`,`tabla`) VALUES 
 (8,1,'2009-08-11 21:30:03','Guardar','0:0:0:0:0:0:0:1','Nuevo cod:32','Cursos'),
 (9,1,'2009-08-11 21:30:44','Actualizar','0:0:0:0:0:0:0:1','4 PRIMERO DE  INFORMATICA \"A\"','Cursos'),
 (10,1,'2009-08-11 21:32:08','Eliminar','0:0:0:0:0:0:0:1','32 zadsasd OTRA ESPECIALIDAD \"H\"','Cursos'),
 (11,1,'2009-08-11 21:33:26','Eliminar','0:0:0:0:0:0:0:1','34 - OTRA ESPECIALIDAD','Globales'),
 (12,1,'2009-08-12 10:42:09','','0:0:0:0:0:0:0:1','Ingreso Sistema',''),
 (13,1,'2009-08-12 16:03:31','-','0:0:0:0:0:0:0:1','Ingreso Sistema','-'),
 (14,2,'2009-08-12 16:26:40','Ingreso Sistema','0:0:0:0:0:0:0:1','','Ingreso Sistema'),
 (15,1,'2009-08-12 16:28:52','Ingreso Sistema','0:0:0:0:0:0:0:1','','Ingreso Sistema'),
 (16,1,'2009-08-12 16:29:09','Actualizar','0:0:0:0:0:0:0:1','','Record Notas'),
 (17,1,'2009-08-12 16:29:53','Actualizar','0:0:0:0:0:0:0:1','TERCER ANIO DE BACHILLERATO EN QQ.BB. \"A\"','Record Notas'),
 (18,1,'2009-08-12 16:50:53','-','0:0:0:0:0:0:0:1','Ingreso Sistema','-'),
 (19,1,'2009-08-12 16:50:53','-','0:0:0:0:0:0:0:1','Ingreso Sistema','-'),
 (20,1,'2009-08-12 16:51:17','Guardar','0:0:0:0:0:0:0:1','28 jcinform.persistencia.Matriculas[codigomat=28]','Matriculas'),
 (21,1,'2009-08-12 18:41:25','-','0:0:0:0:0:0:0:1','Ingreso Sistema','-'),
 (22,1,'2009-08-12 19:01:44','-','0:0:0:0:0:0:0:1','Ingreso Sistema','-'),
 (23,1,'2009-08-12 19:07:54','Guardar','0:0:0:0:0:0:0:1','28 jcinform.persistencia.Estudiantes[codigoest=18]','Matriculas'),
 (24,1,'2009-08-12 19:38:21','-','0:0:0:0:0:0:0:1','Ingreso Sistema','-'),
 (25,2,'2009-08-12 19:39:34','-','0:0:0:0:0:0:0:1','Ingreso Sistema','-'),
 (26,2,'2009-08-12 19:40:12','Guardar','0:0:0:0:0:0:0:1','PRIMERO. BASICA \"A\"','Notas'),
 (27,1,'2009-08-12 19:40:42','-','0:0:0:0:0:0:0:1','Ingreso Sistema','-'),
 (28,1,'2009-08-12 19:46:52','-','0:0:0:0:0:0:0:1','Ingreso Sistema','-'),
 (29,1,'2009-08-13 07:10:34','-','0:0:0:0:0:0:0:1','Ingreso Sistema','-'),
 (30,1,'2009-08-13 07:10:44','Actualizar','0:0:0:0:0:0:0:1','4 PRIMERO DE  INFORMATICA \"A\"','Cursos');
/*!40000 ALTER TABLE `auditoria` ENABLE KEYS */;


--
-- Definition of table `cursos`
--

DROP TABLE IF EXISTS `cursos`;
CREATE TABLE `cursos` (
  `codigocur` int(11) NOT NULL,
  `periodo` int(11) default NULL,
  `especialidad` int(11) default NULL,
  `paralelo` int(11) default NULL,
  `descripcion` varchar(30) default NULL,
  `secuencia` int(11) default NULL,
  `aprobacion` double default '0',
  `minima` double default NULL,
  `inspector` varchar(100) default NULL,
  `cedulaiden` varchar(100) default NULL,
  `tutor` varchar(100) default NULL,
  `cedulatut` varchar(100) default NULL,
  `inicial` date default '2008-10-08',
  `finali` date default '2008-10-08',
  PRIMARY KEY  (`codigocur`),
  KEY `FK_ECTIVO` (`periodo`),
  KEY `FK_especialidad` (`especialidad`),
  KEY `FK_cursos` (`paralelo`),
  KEY `FKAF961357394D823` (`paralelo`),
  KEY `FKAF96135792E27CB9` (`especialidad`),
  KEY `FKAF961357A274C238` (`periodo`),
  CONSTRAINT `FK_cursos` FOREIGN KEY (`paralelo`) REFERENCES `global` (`codigo`),
  CONSTRAINT `FK_especialidad` FOREIGN KEY (`especialidad`) REFERENCES `global` (`codigo`),
  CONSTRAINT `FK_periodoss` FOREIGN KEY (`periodo`) REFERENCES `periodo` (`codigoper`)
) ENGINE=InnoDB DEFAULT CHARSET=latin1;

--
-- Dumping data for table `cursos`
--

/*!40000 ALTER TABLE `cursos` DISABLE KEYS */;
INSERT INTO `cursos` (`codigocur`,`periodo`,`especialidad`,`paralelo`,`descripcion`,`secuencia`,`aprobacion`,`minima`,`inspector`,`cedulaiden`,`tutor`,`cedulatut`,`inicial`,`finali`) VALUES 
 (1,1,5,6,'PRIMERO.',1,0,0,'INSPECTOR NOMB','121','TUTOR','23','2008-10-08','2008-10-08'),
 (2,1,20,6,'PRIMERO DE BACHILLERATO EN ',4,0,0,'','','','','2008-12-02','2008-12-16'),
 (3,1,5,6,'SEGUNDO',2,15,10,'INPS3','12122','nueo','444','2008-10-08','2008-10-08'),
 (4,1,31,6,'PRIMERO DE ',1,40,25,'','','','','2008-12-03','2008-12-09'),
 (5,1,5,12,'PRIMERO',1,0,0,'','','','',NULL,NULL),
 (6,1,5,12,'SEGUNDO BASICA',2,0,0,'','','','',NULL,NULL),
 (15,1,5,14,'segundo',2,0,18,'Carlos Cumbal','1716984328','Carmen Fernandez','1516288495','2010-06-02','2009-06-27'),
 (16,1,10,14,'SEGUNDO',2,0,0,'','','','',NULL,NULL),
 (17,1,21,13,'TERCER ANIO DE BACHILLERATO EN',6,19,17,'german de la torre','144768674','Jenifer de los Angeles','123324546','2009-02-08','2008-06-08'),
 (18,1,20,6,'PRIMERO.',1,0,0,'INSPC1','121','otro','23','2008-10-08','2008-10-08'),
 (19,1,10,6,'TERCER ANIO DE BACHILLERATO EN',6,15,0,'','','','',NULL,NULL),
 (20,2,5,6,'PRIMERO.',1,0,0,'INSPECTOR NOMB','121','TUTOR','23','2008-10-08','2008-10-08'),
 (21,2,20,6,'PRIMERO DE BACHILLERATO EN ',4,0,0,'','','','','2008-12-02','2008-12-16'),
 (22,2,5,6,'SEGUNDO',2,15,10,'INPS3','12122','nueo','444','2008-10-08','2008-10-08'),
 (23,2,10,6,'PRIMERO DE ',1,13,14,'','','','','2008-12-03','2008-12-09'),
 (24,2,5,12,'PRIMERO',1,0,0,'','','','',NULL,NULL),
 (25,2,5,12,'SEGUNDO BASICA',2,0,0,'','','','',NULL,NULL),
 (26,2,5,14,'segundo',2,0,18,'Carlos Cumbal','1716984328','Carmen Fernandez','1516288495','2010-06-02','2009-06-27'),
 (27,2,10,14,'SEGUNDO',2,0,0,'','','','',NULL,NULL),
 (28,2,21,13,'TERCER ANIO DE BACHILLERATO EN',6,19,17,'german de la torre','144768674','Jenifer de los Angeles','123324546','2009-02-08','2008-06-08'),
 (29,2,20,6,'PRIMERO.',1,0,0,'INSPC1','121','otro','23','2008-10-08','2008-10-08'),
 (30,2,10,6,'TERCER ANIO DE BACHILLERATO EN',6,15,0,'','','','',NULL,NULL),
 (31,3,5,6,'PRE KINDER',1,10,8,'.','.','.','.','2009-07-12','2010-07-12');
/*!40000 ALTER TABLE `cursos` ENABLE KEYS */;


--
-- Definition of table `disciplina`
--

DROP TABLE IF EXISTS `disciplina`;
CREATE TABLE `disciplina` (
  `codigodisc` varchar(20) NOT NULL,
  `matricula` int(11) default NULL,
  `sistema` int(11) default NULL,
  `fecha` date default NULL,
  `nota1` int(11) default NULL,
  `nota2` int(11) default NULL,
  `nota3` int(11) default NULL,
  `nota4` int(11) default NULL,
  `nota5` int(11) default NULL,
  `nota6` int(11) default NULL,
  `nota7` int(11) default NULL,
  `nota8` int(11) default NULL,
  `nota9` int(11) default NULL,
  `nota10` int(11) default NULL,
  `nota11` int(11) default NULL,
  `nota12` int(11) default NULL,
  `nota13` int(11) default NULL,
  `nota14` int(11) default NULL,
  `nota15` int(11) default NULL,
  `nota16` int(11) default NULL,
  `nota17` int(11) default NULL,
  `nota18` int(11) default NULL,
  `nota19` int(11) default NULL,
  `nota20` int(11) default NULL,
  `nota21` int(11) default NULL,
  `nota22` int(11) default NULL,
  `nota23` int(11) default NULL,
  `nota24` int(11) default NULL,
  `nota25` int(11) default NULL,
  `nota26` int(11) default NULL,
  `nota27` int(11) default NULL,
  `nota28` int(11) default NULL,
  `nota29` int(11) default NULL,
  `nota30` int(11) default NULL,
  `nota31` int(11) default NULL,
  `nota32` int(11) default NULL,
  `nota33` int(11) default NULL,
  `nota34` int(11) default NULL,
  `nota35` int(11) default NULL,
  `nota36` int(11) default NULL,
  `nota37` int(11) default NULL,
  `nota38` int(11) default NULL,
  `nota39` int(11) default NULL,
  `nota40` int(11) default NULL,
  `nota41` int(11) default NULL,
  `nota42` int(11) default NULL,
  `nota43` int(11) default NULL,
  `nota44` int(11) default NULL,
  `nota45` int(11) default NULL,
  `nota46` int(11) default NULL,
  `nota47` int(11) default NULL,
  `nota48` int(11) default NULL,
  `nota49` int(11) default NULL,
  `nota50` int(11) default NULL,
  `nota51` int(11) default NULL,
  `nota52` int(11) default NULL,
  `nota53` int(11) default NULL,
  `nota54` int(11) default NULL,
  `nota55` int(11) default NULL,
  `nota56` int(11) default NULL,
  `observacion` varchar(500) default ' ',
  PRIMARY KEY  (`codigodisc`),
  KEY `FK_MATRICULAS` (`matricula`),
  KEY `FK_disciplina` (`sistema`),
  KEY `FK157B9B6CCC4EDE17` (`matricula`),
  KEY `FK157B9B6CDD5007E1` (`sistema`),
  CONSTRAINT `FK157B9B6CCC4EDE17` FOREIGN KEY (`matricula`) REFERENCES `matriculas` (`codigomat`),
  CONSTRAINT `FK157B9B6CDD5007E1` FOREIGN KEY (`sistema`) REFERENCES `sistemacalificacion` (`codigosis`),
  CONSTRAINT `FK_matriculad` FOREIGN KEY (`matricula`) REFERENCES `matriculas` (`codigomat`),
  CONSTRAINT `FK_sistema` FOREIGN KEY (`sistema`) REFERENCES `sistemacalificacion` (`codigosis`)
) ENGINE=InnoDB DEFAULT CHARSET=latin1;

--
-- Dumping data for table `disciplina`
--

/*!40000 ALTER TABLE `disciplina` DISABLE KEYS */;
INSERT INTO `disciplina` (`codigodisc`,`matricula`,`sistema`,`fecha`,`nota1`,`nota2`,`nota3`,`nota4`,`nota5`,`nota6`,`nota7`,`nota8`,`nota9`,`nota10`,`nota11`,`nota12`,`nota13`,`nota14`,`nota15`,`nota16`,`nota17`,`nota18`,`nota19`,`nota20`,`nota21`,`nota22`,`nota23`,`nota24`,`nota25`,`nota26`,`nota27`,`nota28`,`nota29`,`nota30`,`nota31`,`nota32`,`nota33`,`nota34`,`nota35`,`nota36`,`nota37`,`nota38`,`nota39`,`nota40`,`nota41`,`nota42`,`nota43`,`nota44`,`nota45`,`nota46`,`nota47`,`nota48`,`nota49`,`nota50`,`nota51`,`nota52`,`nota53`,`nota54`,`nota55`,`nota56`,`observacion`) VALUES 
 ('2905c428d0121fc4',4,13,'2009-06-28',1,0,0,0,0,NULL,NULL,NULL,NULL,NULL,NULL,NULL,NULL,NULL,NULL,NULL,NULL,NULL,NULL,NULL,NULL,NULL,NULL,NULL,NULL,NULL,NULL,NULL,NULL,NULL,NULL,NULL,NULL,NULL,NULL,NULL,NULL,NULL,NULL,NULL,NULL,NULL,NULL,NULL,NULL,NULL,NULL,NULL,NULL,NULL,NULL,NULL,NULL,NULL,NULL,NULL,NULL),
 ('2905c46fbdb47e2d',16,13,'2009-06-28',0,0,0,0,0,NULL,NULL,NULL,NULL,NULL,NULL,NULL,NULL,NULL,NULL,NULL,NULL,NULL,NULL,NULL,NULL,NULL,NULL,NULL,NULL,NULL,NULL,NULL,NULL,NULL,NULL,NULL,NULL,NULL,NULL,NULL,NULL,NULL,NULL,NULL,NULL,NULL,NULL,NULL,NULL,NULL,NULL,NULL,NULL,NULL,NULL,NULL,NULL,NULL,NULL,NULL,NULL),
 ('2905c498025db3fe',11,13,'2009-06-28',0,0,0,0,0,NULL,NULL,NULL,NULL,NULL,NULL,NULL,NULL,NULL,NULL,NULL,NULL,NULL,NULL,NULL,NULL,NULL,NULL,NULL,NULL,NULL,NULL,NULL,NULL,NULL,NULL,NULL,NULL,NULL,NULL,NULL,NULL,NULL,NULL,NULL,NULL,NULL,NULL,NULL,NULL,NULL,NULL,NULL,NULL,NULL,NULL,NULL,NULL,NULL,NULL,NULL,NULL),
 ('2905c4e001c3746d',18,13,'2009-06-28',0,0,0,0,0,NULL,NULL,NULL,NULL,NULL,NULL,NULL,NULL,NULL,NULL,NULL,NULL,NULL,NULL,NULL,NULL,NULL,NULL,NULL,NULL,NULL,NULL,NULL,NULL,NULL,NULL,NULL,NULL,NULL,NULL,NULL,NULL,NULL,NULL,NULL,NULL,NULL,NULL,NULL,NULL,NULL,NULL,NULL,NULL,NULL,NULL,NULL,NULL,NULL,NULL,NULL,NULL),
 ('2905c51280ef4e6a',3,13,'2009-06-28',0,0,0,0,0,NULL,NULL,NULL,NULL,NULL,NULL,NULL,NULL,NULL,NULL,NULL,NULL,NULL,NULL,NULL,NULL,NULL,NULL,NULL,NULL,NULL,NULL,NULL,NULL,NULL,NULL,NULL,NULL,NULL,NULL,NULL,NULL,NULL,NULL,NULL,NULL,NULL,NULL,NULL,NULL,NULL,NULL,NULL,NULL,NULL,NULL,NULL,NULL,NULL,NULL,NULL,NULL),
 ('2905c53a52511e22',9,13,'2009-06-28',0,0,0,0,0,NULL,NULL,NULL,NULL,NULL,NULL,NULL,NULL,NULL,NULL,NULL,NULL,NULL,NULL,NULL,NULL,NULL,NULL,NULL,NULL,NULL,NULL,NULL,NULL,NULL,NULL,NULL,NULL,NULL,NULL,NULL,NULL,NULL,NULL,NULL,NULL,NULL,NULL,NULL,NULL,NULL,NULL,NULL,NULL,NULL,NULL,NULL,NULL,NULL,NULL,NULL,NULL),
 ('2905c56145e12c7d',10,13,'2009-06-28',0,0,0,0,0,NULL,NULL,NULL,NULL,NULL,NULL,NULL,NULL,NULL,NULL,NULL,NULL,NULL,NULL,NULL,NULL,NULL,NULL,NULL,NULL,NULL,NULL,NULL,NULL,NULL,NULL,NULL,NULL,NULL,NULL,NULL,NULL,NULL,NULL,NULL,NULL,NULL,NULL,NULL,NULL,NULL,NULL,NULL,NULL,NULL,NULL,NULL,NULL,NULL,NULL,NULL,NULL),
 ('2905c58d743af05d',8,13,'2009-06-28',0,0,0,0,0,NULL,NULL,NULL,NULL,NULL,NULL,NULL,NULL,NULL,NULL,NULL,NULL,NULL,NULL,NULL,NULL,NULL,NULL,NULL,NULL,NULL,NULL,NULL,NULL,NULL,NULL,NULL,NULL,NULL,NULL,NULL,NULL,NULL,NULL,NULL,NULL,NULL,NULL,NULL,NULL,NULL,NULL,NULL,NULL,NULL,NULL,NULL,NULL,NULL,NULL,NULL,NULL),
 ('2905c5b981573b65',1,13,'2009-06-28',0,0,0,0,0,NULL,NULL,NULL,NULL,NULL,NULL,NULL,NULL,NULL,NULL,NULL,NULL,NULL,NULL,NULL,NULL,NULL,NULL,NULL,NULL,NULL,NULL,NULL,NULL,NULL,NULL,NULL,NULL,NULL,NULL,NULL,NULL,NULL,NULL,NULL,NULL,NULL,NULL,NULL,NULL,NULL,NULL,NULL,NULL,NULL,NULL,NULL,NULL,NULL,NULL,NULL,NULL),
 ('2905c5e623ed042a',14,13,'2009-06-28',0,0,0,0,0,NULL,NULL,NULL,NULL,NULL,NULL,NULL,NULL,NULL,NULL,NULL,NULL,NULL,NULL,NULL,NULL,NULL,NULL,NULL,NULL,NULL,NULL,NULL,NULL,NULL,NULL,NULL,NULL,NULL,NULL,NULL,NULL,NULL,NULL,NULL,NULL,NULL,NULL,NULL,NULL,NULL,NULL,NULL,NULL,NULL,NULL,NULL,NULL,NULL,NULL,NULL,NULL),
 ('2905c618d9546977',5,13,'2009-06-28',0,0,0,0,0,NULL,NULL,NULL,NULL,NULL,NULL,NULL,NULL,NULL,NULL,NULL,NULL,NULL,NULL,NULL,NULL,NULL,NULL,NULL,NULL,NULL,NULL,NULL,NULL,NULL,NULL,NULL,NULL,NULL,NULL,NULL,NULL,NULL,NULL,NULL,NULL,NULL,NULL,NULL,NULL,NULL,NULL,NULL,NULL,NULL,NULL,NULL,NULL,NULL,NULL,NULL,NULL),
 ('2905c63f458813e4',17,13,'2009-06-28',0,0,0,0,0,NULL,NULL,NULL,NULL,NULL,NULL,NULL,NULL,NULL,NULL,NULL,NULL,NULL,NULL,NULL,NULL,NULL,NULL,NULL,NULL,NULL,NULL,NULL,NULL,NULL,NULL,NULL,NULL,NULL,NULL,NULL,NULL,NULL,NULL,NULL,NULL,NULL,NULL,NULL,NULL,NULL,NULL,NULL,NULL,NULL,NULL,NULL,NULL,NULL,NULL,NULL,NULL);
/*!40000 ALTER TABLE `disciplina` ENABLE KEYS */;


--
-- Definition of table `documentos`
--

DROP TABLE IF EXISTS `documentos`;
CREATE TABLE `documentos` (
  `codigodoc` int(10) unsigned NOT NULL,
  `primaria` int(10) unsigned NOT NULL,
  `secundaria` int(10) unsigned NOT NULL,
  `factura` varchar(16) default NULL,
  `recibo` varchar(16) default NULL,
  PRIMARY KEY  (`codigodoc`)
) ENGINE=InnoDB DEFAULT CHARSET=latin1;

--
-- Dumping data for table `documentos`
--

/*!40000 ALTER TABLE `documentos` DISABLE KEYS */;
/*!40000 ALTER TABLE `documentos` ENABLE KEYS */;


--
-- Definition of table `empleadoperiodo`
--

DROP TABLE IF EXISTS `empleadoperiodo`;
CREATE TABLE `empleadoperiodo` (
  `codigo` int(11) NOT NULL,
  `empleado` int(11) default NULL,
  `periodo` int(11) default NULL,
  PRIMARY KEY  (`codigo`),
  KEY `FK_empleadoperiodo` (`empleado`),
  KEY `FK_empleadoperiodop` (`periodo`),
  CONSTRAINT `FK_empleadoperiodo` FOREIGN KEY (`empleado`) REFERENCES `empleados` (`codigoemp`),
  CONSTRAINT `FK_empleadoperiodop` FOREIGN KEY (`periodo`) REFERENCES `periodo` (`codigoper`)
) ENGINE=InnoDB DEFAULT CHARSET=latin1;

--
-- Dumping data for table `empleadoperiodo`
--

/*!40000 ALTER TABLE `empleadoperiodo` DISABLE KEYS */;
INSERT INTO `empleadoperiodo` (`codigo`,`empleado`,`periodo`) VALUES 
 (40,1,3),
 (52,1,2),
 (53,2,2),
 (54,3,2),
 (55,4,2),
 (56,6,2),
 (57,5,1),
 (58,1,1),
 (59,3,1),
 (60,2,1),
 (61,4,1),
 (62,6,1),
 (63,7,1);
/*!40000 ALTER TABLE `empleadoperiodo` ENABLE KEYS */;


--
-- Definition of table `empleados`
--

DROP TABLE IF EXISTS `empleados`;
CREATE TABLE `empleados` (
  `codigoemp` int(11) NOT NULL auto_increment,
  `identificacion` varchar(13) default ' ',
  `tratamiento` varchar(20) default NULL,
  `nombres` varchar(60) default NULL,
  `apellidos` varchar(60) default NULL,
  `direccion` varchar(100) default NULL,
  `telefono1` varchar(30) default NULL,
  `telefono2` varchar(30) default NULL,
  `email` varchar(100) default NULL,
  `foto` longblob,
  `usuario` varchar(20) default NULL,
  `clave` varchar(100) default NULL,
  `estado` tinyint(1) default NULL,
  `tipo` varchar(15) default NULL,
  `perfil` int(11) default NULL,
  `fechaingreso` date default NULL,
  `fechaultimo` date default NULL,
  `adventista` tinyint(1) default NULL,
  `servicio` int(11) default NULL,
  `instituto` int(11) default NULL,
  `docente` tinyint(1) default NULL,
  PRIMARY KEY  (`codigoemp`),
  UNIQUE KEY `usuarioUnico` (`usuario`),
  UNIQUE KEY `cedu` (`identificacion`),
  KEY `RELATIONSHIP_28_FK` (`tratamiento`),
  KEY `FK9CA2190882A62D53` (`perfil`),
  CONSTRAINT `FK9CA2190882A62D53` FOREIGN KEY (`perfil`) REFERENCES `global` (`codigo`),
  CONSTRAINT `FK_perfile_global` FOREIGN KEY (`perfil`) REFERENCES `global` (`codigo`)
) ENGINE=InnoDB DEFAULT CHARSET=latin1;

--
-- Dumping data for table `empleados`
--

/*!40000 ALTER TABLE `empleados` DISABLE KEYS */;
INSERT INTO `empleados` (`codigoemp`,`identificacion`,`tratamiento`,`nombres`,`apellidos`,`direccion`,`telefono1`,`telefono2`,`email`,`foto`,`usuario`,`clave`,`estado`,`tipo`,`perfil`,`fechaingreso`,`fechaultimo`,`adventista`,`servicio`,`instituto`,`docente`) VALUES 
 (1,'1717996134','Sra.','ANGELICA','CAHUENAS','san carlos','232','2323','hola@com.',0xFFD8FFE000104A46494600010101006000600000FFDB004300080606070605080707070909080A0C140D0C0B0B0C1912130F141D1A1F1E1D1A1C1C20242E2720222C231C1C2837292C30313434341F27393D38323C2E333432FFDB0043010909090C0B0C180D0D1832211C213232323232323232323232323232323232323232323232323232323232323232323232323232323232323232323232323232FFC000110800ED00AA03012200021101031101FFC4001F0000010501010101010100000000000000000102030405060708090A0BFFC400B5100002010303020403050504040000017D01020300041105122131410613516107227114328191A1082342B1C11552D1F02433627282090A161718191A25262728292A3435363738393A434445464748494A535455565758595A636465666768696A737475767778797A838485868788898A92939495969798999AA2A3A4A5A6A7A8A9AAB2B3B4B5B6B7B8B9BAC2C3C4C5C6C7C8C9CAD2D3D4D5D6D7D8D9DAE1E2E3E4E5E6E7E8E9EAF1F2F3F4F5F6F7F8F9FAFFC4001F0100030101010101010101010000000000000102030405060708090A0BFFC400B51100020102040403040705040400010277000102031104052131061241510761711322328108144291A1B1C109233352F0156272D10A162434E125F11718191A262728292A35363738393A434445464748494A535455565758595A636465666768696A737475767778797A82838485868788898A92939495969798999AA2A3A4A5A6A7A8A9AAB2B3B4B5B6B7B8B9BAC2C3C4C5C6C7C8C9CAD2D3D4D5D6D7D8D9DAE2E3E4E5E6E7E8E9EAF2F3F4F5F6F7F8F9FAFFDA000C03010002110311003F00F66F131234C420E3F7A3F91AE45A4EC2BACF147FC82E3FFAEC3F91AE3CFDEE0D672DCEAA5F0885CD30BE0D0C4815193CF6A93524F339EB4864EF9A8D8E3A5318922900E690E79A88B9A6B12066A22E4D1601ECEDEA6903364734C2FC50B8CE68604A59B8C1A6F9AC33F3521614DDA3AF5A010E49981FBD5279EF8C6E3F9D56C52F39A4D0D32C09DBFBC68370FD98E3EB502E79A3902A5A2D489DAE5F1FEB1FF3A8FED730E92BFF00DF46A324E2A12DCF34AC3E62EADF4E07FAE93FEFB34EFED0BAC822E661F490FF008D506385EA694376A5663E6468AEAB7CA4017973F84AD5646B9A8818FB74FF00F7F0D636FE69FB853D41B8BE87A478A8E34D8BFEBB0FFD04D716CFCD761E2F7DBA741EF2FF00435C3339C9EB8AE86B538E9BB449BCCCF4A3393D2A20492319A900E2A1A354C189DD51B719E7F0A7E41CFB5723E38F113695A5490D9B817728C03D7629EA7EBE9F876CD28A7276453924AECB9A878BF43D3E76867BE5F3978648D59C83EF8040FC6B3A7F1C6991C1E708AECC7D03F95C67F3AF30B3864D4AF13ED17318623006E19C0ED81D3F2A76AB1DADB36D8E170E0FFACF3F7F3E98C020D75AA115B9CAEBCBA1BB37C40D4FED8CCAF1180B1FDD2C78DA3B0DC7249F7C7E1DAB43FE1604D3C2624686D25001F3083267D401D07D79FA57076AF6ED2133B32B1E8D8CFE74926C05981CE4F040C0AB74A16D8CBDACBB9D92F8DF50B575712FDA064865738561F4EDF9D745A5F8CE37B512EA171A7A96C9D91CE15D47BAB1E7F3CFB1E2BCB8496D1A8F3A2925CFF764D98FD0D235EF94A4451222B0F947523DF3DCD54E8C18A15A563DB5B5FB0FB2A5C452F9A1CE2348C6E690E71851DF9E3D0739C62ADD8EA11EA1019224910A394749176B230EA08FC45784586AD756526639A48FAED64EAA48C123D09000CF1C0AECBC37E35874B90595E6648DE42D25C890B024FF0010C8DDE99C927A9F6AE7950B2D0E88574DEA7A87500D21A82CEFADEFED96E2DA41246DDC7047D4763539E6B99A3A2E37B54257D6A539148474A43B911539A7018152638A5DB91C0A6222C7352EC3EB4813F3A98038A09BB3BAF191C595B0F590FF002AE2891939E2BB2F1A3016D680FF007DBF95718ED5D1639E2F4154807AD3F23B9AAE1BE948D2003AE3DEA1C59A2919FE25D723D174792E7AB921117B927B8F5C0C9AF14D53546D4EFE4964762643CB48C4E2B7BC717135F6AA6552DB5310AA161DC6EC81D79EBF90FAF3B1695701524906031185C1271EA7DABA2943963732A9272764115E4D03A0F390843F2B344AFB7DC64536FAEC2B9585A6757397799F7173F4038FD7EB5764D2CC892987264898715341E1DD42EA1590DB1646E32BD41AB734B764AA537B2312DA38A698ACA0AE54ED2BEBDA9A54168D141C67E6FAD7629E0EBA7B7124719322FCA46318ACDB8D167B2025F2486FBAB919FA9A95562CA7869A473D721F7850A40ED40BA9C42D11DBB0FF00B209FCFB5684BF6E11080CB3085B9F2F71DA7F0E954658B68DB83B87AD6B295DE873A834B52025B804E476CD39555655F34305EFB7AE3DA82A0FDD04E3BD58B24825731CCDB14F461DA9203AFF000178822B2BDB8B6BDBD290C88A23695B014827039E99DC7F2F7AF4FB7BA8674F9254723AED20D7CF515C3D9DC896260248DBE56FA77AED34AF11DA41736BA8080DB4CCDB6758176C72212371C74C8EB91CF15854A7CCEE8E8A552CAC7AA9618E3A5209071CD405F299078C706A3F300F4AE6E53A398B9B867D6824FF00F5AAAACA3A93F4A76F3D68B07316565CE01E2A7F33E9540B8DB4F05B1D6A9449723BEF1C36D82CFF00DE7FE42B8A7704576BE374DF1D973CE5FF00F65AE29A20060E6B75B1CEAF6222FEF591AF6B3168FA5CB752E1B036A2138DEE7A2FF5FA035A6E98EE6BCF3E25AB03A60DE767EF495CF19F94038FCFF5AA49315D9C525D49717FF68B872CEEE5DCE31924E4D769E1ED0EF75EBF89576C56CB82DD4B11EFE99AE474AB47BABC50172179AFA03C23A62E9DA3C79502593E66207F9FA56588ABC8AC8EBC2D3E6776675B785ADAC35058AE10085CFC9381C1FF0065BD0FF3AE920D0B4EB375DAAA1DB8519009FA0EF5AF1DB2CC9890654F041EF52DB68F636A77C16B0C6DEAA801FCEB9629CB53ADB51D0A1FD9701271105C8C1E2A8DEF86ED2E632A635CFF007B1CD746D181D3B54330F97834DAB0948E3E6F05E9B2C0639AD63789BAA32F7AE2B59F86B6A3735936DFF65C93FAE6BD6D8F63C8ACFBB84E09C706B37524B54CD1462FE247CEDA9F85EFB4D2C0A0207A739AE7CAB2391B48C7B57BE6AF651CA1B781D3A9AF2FF11E97E5996581418BBB81C7E06BA68625C9F2C8E5C4E1236E681C61C13572CE68E3E2550EBFDD3D0D542B86A519CF1D057623CCD8F69F0CEA125FF87ADDE524CD10F2A5DCD93950393F5041FC6B48B9CE36E6B9DF09C4F6FE1C59598334EED21E73CFDDFF00D97F5AD65B87DB838AC650D743753D0B7E795E0003DE8128EACD54CC993834C77C77A1404E6CD0326EE47356431C0ACA8A424D69AE768E074F5A1AB094AE7A4F8CC6E5B31FEFFF00ECB5C8B21AEC7C5C326D47B39FE55CB14C8A572A2AE8CC96126BC93E20CA1FC4A220C710C088C3D1892DFC9857B33A7B57817882592E7C51A9C931C9FB548BF82B1503F202AE0EE12563A1F05DA19EEE2458F00B0DC715EEB670848D1318005797FC36B02CFE691F227CC78EFE9FA57AAABAA60138AE0C44B9A7647A5415A05F8F2054DB98AF4A4B774640C7038E2A7124639E315708BB132656DD8EA2A19007E9565D1646C83D6A00AA24279A248A4D1526560B806B32E64619C8AD99640CDB4638ACDBA45627A64F6AC251D343683EE73F76A9203900FD6B95D7ACBED769246A39C57577E86339038AC6948248ACE2DA66AD5D1E21A85B1B6BA923239535541E7A574FE2FB510EA4E76EDDC72315CBE79C57B309734533C0AF0E49B47B0680547866C02A81FB85CFFBDDFF001CE6A432907041FC2A9785E532F852CD9860E1C7031FC6D5738CE687B916D0786C9EF48E5B34E0C06052923EB473072842086E4D6BC6098D7E82B215866B5A13FB88F9FE11FCA87A89687A9F8A0032DB0FF65BFA5734EB8AE9BC4DFEBA01FEC9FE75CE3824D7337A9D74D7BA8AAC9935F3E78814A78B35252B8FF4B90E3EAC4D7D0ECBD6BCAFC59E0FBB8751B8D6F6A1B57B9C60C9F31DDD0E3D339FE7554E694ACCA9C1B5A1D7F802331682243F799CF3FCBF4AEB6DADE5994C8D8C92701AB9FF0003C626D1C0038F348E0FD2BAABC49A1B76587EF638C715C751DA7267753D6090D7B7494F9735ECA241C88E1193F90AC7916F2D25616BAAC9BB3811DCA7F88A81B42BDD474E9D5AEE54BA0C1E28C6E58F00F4383F313DF355B44F0BDF58C33ADFDD4AF70ED944192839E7E5C9C0EDD69B6DC6E52B2958E9F4BB9B969089DC30039C0C53F50BAF218B06E31922A2820FB304007CC17049F5AA5ACB37D9DB27822B2726A3A96A09C8C19F5FBF9AED96C53710703BE69D65078999DA69CDBBAB9DC479C063E800AC9D11A45D57ECCD12334ADC49313E5C633D481F78FB702A7D7F53F11586B29A745636D2448C7327900295E36ED00E73D73D7B56904ED7226D5EC5FBC799919664647EDDC573CF7389B0783DC568C1AC4CF706CEEA16497A10C4B0FC09EA3D8D53D42CC993CC45C715126B6292EA8E2BC6910787CDEB8FD2B82C7CD5DF78C1F659229EAED8AE0CA932600EBD2BBF0D7E43CCC7DBDA2F43D43C30DB3C2966BFEFF23FDF6ABCCDEF599A1C6D67E1EB585F1BB696E0F50CC587E8454AD31CF5AD9ABB6732D9177CC03A9A04E01233543CE38EB4CF3727147285CD58A650F9C06FAD6F5B806DA2383CA0FE55C942E03006BB4B28C1B0B73EB12FF214D10CF4CF12737308EFB3FAD73EC39ADFF11F37717FD73FEA6B098735C92DCEDA7F0A21209E9C573FE31B05FEC77BC099923087767AE5B6FE9FD6BA4C54C6D20D434CBAB3B8E51D300FA64F5FCF150D6CCE8A72DD77D0C4F025B1B6D0919930598B8F7CF39AEBA31BCFCDCD65687672D8DA2DACC4168F0A08390476C7E15BD180A0702A12E691A4BDD561CA88ABF76ABCA8880955C13DEAD1C9E82ABDD0223E3A9E056B25A686717A99E705F1DBDEB0FC44FB62C60FBE2BA2820567F9D863D4D61F88ADA36462AC0608C7BD72CE2F92E75D392E6B1CDE9E36DEA4ABC30FD6BA992C05C207538E3B572907FA3DDA090E012315DA5B31118FA528EBA31CF4D51873E8D0AB076E5874CF6AA974D08859768DC07A56FDDB23F19C1AE6B544540483F5A4D598D6AB53CABC72FF00E976F176E5BFCFE7593A468697B3C4D3CAC88E485DA3935B5E2B8D2E350814BE093B7E809ADCB2D392DE0B0F2DC48910932DDF9E47F5AEC8D471A5151DCE495153AD294D6897E84B30254E6B3DC1AD49C8DBEF541979ADD48E0702B9E05340EF5295E79A6B002AD488E5248B3BD6BD174D873A5DA1F5853FF4115E7700F9D6BD4F48873A3589C1E6DE3FFD0453B91289D8788B1F6D8F3DA31FCCD61B77AD9F1113FDA09E9E50C7E66B1C8E2B99EE7553F8511D4F68DFBEDA4643704540D491C8637565EA0E6A1A358BB3B9B4D12C77436125596AD0E074ACE8AF96E6E523556CAA9393F855F2D85A85A366AC98CAA8067A9ACED4A412C4515B0D5683663C10339CE6A9CD10DE5D9BAD549B6874D24EE61DA583E9114D3477B7B73E69C94B8977053EDC715CBF88A5D6AF13F77BAD114E77940D9FE95DCDCBC4D098B72E739ACBD5268A7548C11803E618AC2699D90F4DCE42D96E6E562460CEE072E46326BBBB4568AD115DB2C0726B2ED6189400AA33EA2B4D642A9B49E6A224CF5562ADD9C127233D6B9DD565CC46B76F1B2849C66B98D5DBE4DA29091C85F592DCCB232C2D2CEE00423A273CD6969D03DB69EB1CA0872727DAACD948A1DD4004E39A9241C56B4F564D59354EDDCA3366AAB100FAD5D9FA74ACF91B935D51679ED0C7233C537AD34927A5393DEAF620B1028DE315EBBA2C44E85A79C7FCBB47FF00A08AF23B61F38FAD7B56870E7C3FA69CFF00CBAC5FFA00A7133A9A177C447FE26207A463F99AC763C56B78848FED33FF005CD7FAD6331159BDCDA1F0A1A5E985B3431514D2F52593D8BECBE427BF15BDBB7015CD072A415E187435B36D742440DD3D8D672DCD61AA2D4AEE887CB00B9E99AC4BDB7D4A6015AE638D49E4A2139FCCD6C6FCF5A8A4F9C63B54BB336A6F95986DA45E152C6FB207FD321FE359575A35DAF3FDA3804F2047FF00D7AE82E6D667E16491547A1AA6F6854732C99F7359CA4BB1D51A8FBFE0622477D692A88A44953D5B2BFE35D048C5A147C61B1CD531085CE7F335219C088AE474A952225A94AEA70EDB3BD73BAC3F5391802AF4F71B6E1DB35C878BF5536DA73F967F78FF002A9CF4CD38AE69591126A29B61E1F59AE6EAEAF1D8B5B3B6D8C67A118FE75B32553F0CC6B1F86ACC2A800AB371DF2C4E7F1E0D5E939AE9764EC8E3E6725765198641ACD954F5AD771F2106A84A80B648AA8B33922877C52F20F5A919306A2380DC56BB99EC5A849DC08AF79D063FF8A774CFFAF48BFF004015E070B735F4368698F0FE9BC7FCBAC5FF00A00AA4655199FE236C6AAC3FD85AC367AD8F11AEED59F9FE15FE558AD10F5AC99B47E14319F9A8CC943200786A66D1DE828903FBD6844CC2D9244EA0723D6B92F12EBD0681A5B5C39DD33FCB0C79FBCDFE03BD6E7852EE5BFF000AE9F773B6E966843B9F526B2AD17CB736A32F7AC6F59DD4770300F3D083D455D50B9AE75EDE45937C44AB839C8A9535A48F0971FBB93DF806B08CEDB9D1283E86F4ECA17DEB3AEB6E3381548EB56EF2604C9F9D54BCD6ADC29024527D8D5CEA2685183413103926B1EF3508A104753E99AA1A9EBAA232B1919F5F4AE52E2FDE790FCF5CF63A2299AB757E09C21CB1ED58B7BA61D5AEADE190129BB73B2F51E9FCFF004AB36E0633DCD606BBAC4FA5EB56535AC98640772E7861C641F63FFEAE715D187579AB186224A34DB3D0551638951142AA8C003A0A825A7C37115E5A437309CC52A0910FB119A631EC456ACE64F42B373D6AB48B9AB6FC55775F968426519571D2AB38ABAE3A8C55764F6AD62CCA486C43F957D23A3A6343D3C7A5B47FFA08AF9CE34EA7D8D7D27A6A85D2ACD46702041FF8E8AD11CF50E57C4B36DD6A65CF40BFC8561C97000E4D5BF16CBB7C437233D027FE822B9A96E02A966700019249E051C971AA96468B5C8F5A8A4BC5442CCC0281924F615C06A5E3E8E2BA682CA013AAF06566DA09F618E9EF5CF5EF8B755BE8DE1795638D9487545C020F51EB5A2A0EC275B52BF8AB5F975CD54CB961029DB0A1FE15FF0013D4FF00F5ABDC7C0C31E0CD207FD3AA1FD2BE6F76DD2E7DEBE8DF01CCB2F83F4BC1FBB6C8A7EA060FF2AC714BDD5636C2CAF36D9BAEDE5C9ED45C5ADB5DC389114FD69F3A646EA8B636DF96BCFB7467A49F54737A8787E35CB42EC07F773D2B9F9F4E9A3382EE47B9AEEDE2663839AA3736991823F3AC9C3B1B2A8FA9C0DD5948F80A6AB0D3083920D77C34742B92BCD55B8D29501C0AAD58B9CE3A522D612CDD0579BEB374D77A9492B76E00F415E8FE2A64D3F4F92593A93B517D58FF00927F0AF2A95CBB96273939AEFC2434723CDC6D4D140F46F02EB2D7765269D3365E01BA3C9E4A6791F8123FEFAC76AE9E4EB5E4BE1CD5868FABC572E098882926064ED3D71FA1FC3DEBD42D353B2D4A0F3AD2E1254EF8E08FA83C8AD2B41DF991951A89C6CF7256F7ED51311D314F639CD3383D6B0372175CF6A84A1AB2DCF22A33D6A9325A2255DA4F1D8D7D2564B8B1B71E9128FD2BE764C1CF1D8D7D1B6E316D10F441FCAB58B39AB2D8F17F88BE2BB2D33C4F7B6E019AE5768280E02FCA3A9AF26D6FC557F7E8D0B48B1C4DD5231807EA7AFF004ADEF8AD2AA7C40D6091CF98B8FF00BE16BCF46E91B26BB2114A299CB26CB16B932E4D3DD8665DBD071525B4616277E9815020CC5396EE6B4E808A8DC57B4FC2BD602E99169F704AAC859ADDCF46393B97EB9E7F1AF1761EF5EB1F0D20B7D5741B8D3A72CAF14BE6C4EA70C871F787E39AE4AF6E5D4EAC3DF9B43D7986E4A80300306B1ED758BBD2905B6BB1318C7097F12651BD3701CA9AD65922B88C4904B1CA84643230208AE0942DA9E8C677D0247454C93CD53553713600F9477A966D8A3323AAA8F520567C9E26D0EC7E56BF89DFB2439918FE0B9A9507229CD456E6C346123E98FA562EA334504324D34891C4832CEE70147B9AAD73AEEA7A8467FB2F4F6863EA6EAFBE4455EE40EA6BC8BC6BAEFF00696A4365FBDDC30A850C1764658752AB9FD7BF6E315B53A1CEEC613AEA11B94BC69AF0D5F556581F36B0E562E31BBD5BF123F202B932726A491CBB127AD475DCA2A2B951E64E6E727262F5AD3D23509B4BB913C4707B83D08F4359F1AE4E4F4AB1B831C0E95A456845F53D1B4EF11596A4C2356F2A7233E5B77FA1EF5AA0579142E629F209CAF4C1AEBB49F1298A155BC6CC60ED0C4F23FC6B9E787D2F13A69E23A48EB8F4A6707B54705DC37716F8255917D54D4840C57359A7A9D49A6AE89100CE31D6BE8E4188D47A015F39C43240C7522BE8D1C0C569039EB743E47F8A4ED3FC49D6C67E559C0FFC716B9445C0C0AEC3E24463FE1606B8C3BDCFFECA2B9254CB62BBE0B4471BDC94B6DB5FA9AA77292491EE44628BF7881C0FAD5FBD8FCA8224E7A66A911B90A93C554B5D00853E64078247515E8DF0BEEC45A980A4007E571F5E9FD6BCDE326297691D78C5753E0EBA165E23B639C46E76B7B7A1FCF03F1AE6AD1BC19D18695A68FA4602A613BC023B8358B7DA0E977D2473BC212355F290465936E4961D3800E4FE26B4ACA54B8B5054FDE155EE6DAF2EDE2B68E058E1F315E494B0E40E40007F5F4AE3D3934DCEFD79EDD0A31F82B460C19EC849FF005D18B56BC3A658D8A016D690447A02A801FCEB458A8F9476AE27E22F8A87873422B138FB65D131C43232A31F3363DBA7D48AA50BBB0A53B2BB3CC7E2678D2E353BF9B48B298A69F0B6C9369C79EC0F24FB03D07E3E95E765D997AF029F72E6472C7926A16F9542D76F2A82B23CB7373F798DEF4E0053453C0C5095C4D8EDDC633C53B77CA38031FAD348E2954E08E05684934413EFB82DC8E03853F5E873F855BBF5685E38BE6F2422B2E5701B23961EA33919EF8EDD0537994AE56DE2539E0FCC71F993FAD026320F9BF20303F2ED496E32582F2E2C66596DE565FA1AEBB49F14C576561BB22294F46FE127FA571AA7208A8D8146CD29C14B72A151C1E87B05A9CC91F3D587F3AFA3EBE37F0CEBB736D7B6B03FEFA032A2EC3D572C0706BEC5F353FBC3F3AE674DC19ACAA29D8F93FE2365BC77AD107FE5E4FF00215CBC4A370CF5AE93C74A7FE138D6867FE5EDFF009D738A70E2BBA1F0A39DEE4D7F9C28EBC567918357EE30704D517CEFA6D00F8EC5AE966911D10C11994EF246E03A81EFE9F43459DDAC17504DD591C311F434CC9DA704F3516CE391512452763E86F05EB0972821570CA46410735DCA21DB9C57C9FA3EA575A3EA115DD9DCBC32C67208E41F623A11ED5F4AF83FC4917897455BA45D92A9DB2267A1FF000F4AE2747911E846B7B4D6C5AF106A0345D02FF5229BCDB40D205F520703F3AF96356D5B50D6B517BDD42779E773CB31E07B01D87B0AFA9BC4FA79D53C35A958AE37CD6EEAB9FEF6323F515F2CBA80DC8C7D6B5A296A61896EC8A4F11383D291ED275412BC6CA87A1356266000E40F6A74BA93C96BF67D839017713D87418AE8697538E2DD8A491E7934E71CD4FF0028503A1F5A8587CD4AD61DEE467AD28E39A31CD3B0314008BCF14270D4038E697A90680240BCE69E50BAE7D29106F2AA485C9EA7A0A97011B1B81E7B77AA11A5E1D84B6B363C7FCBCC5FFA18AFB448E6BE38F0CA93E20D380C1CDD45C1FF007C57D8E739358D7E85C0F91FC68FE678C3587E79BC979CFF00B44573CA0990019AED3C63A4AA78A3543E6F06EA46FBBD32C4FAD73E9A7AAC8A779FCAB584972A13452BA5DB851D71D2A995E724735B377669E76371E9559ED9026DEF9CEEEFF4AABA033B07D38A601C907A1AD43689E503939AAF340A1873D28158AC13807D2BD3BE106AFF0065D7DEC1D8F97768401DB78E47E99FC8579F47029CE4D6BF85C9B1F11D8DCC47E78E7461F9F3FA647E351349C4D29C9A91F4CB2F4AF9275D096FAE5F4280048EE644500760C40AFABB57BC361A35D5EA2066861690293D4815F23DC079AE9E495CBC8CC599B1D493C9AC29E9736AEFDD2A3EE76CE0D48D06D547E307A5591000339A5DB95D99F9472057458E48EA882543C7D2A3217CB5C29DF93939E31DB8FCFF004E98E6D4880F24F6A8B601431D8AFB69DB78A9950734A10500562B83ED4A00C62AC1414DD82900C1F74629EA4E294A0CD2A8C1E0F34D3158DFF09AEEF14694149FF8FC8739FF00AE8B5F629EA6BE40F05441FC57A5924F1770B7E4E0D7D818CF358D7DD1503FFFD9,'angelica','F1FHsX1prCg=',1,'Interna',2,'2009-08-06',NULL,1,1,NULL,1),
 (2,'1414141414','Dr.','ISMAEL ','ALVAREZ','SAN CARLOS','3400925','','',NULL,'ismael','F1FHsX1prCg=',1,'Externa',2,'2009-08-06',NULL,0,2,NULL,0),
 (3,'1212121212','Ab.','SAMI ','VILLACRECES','SAN CARLOS','3400','929','.',0x47494638396137004A00B30000000000CCCCCC6A6A6A202020999999FFFFFFAFAFAF3F3F3FF2F2F27D7D7D0F0F0F8F8F8FBFBFBFD9D9D95050502F2F2F21F904041400FF002C0000000037004A000004FFB0C849ABBD38EBCDBBFF60288E64699E68AAAE6CEBBE676310B4D1C09E5CEFC48D673A9AE0A100281E02DFAF124C0C8C50E3C0B0ACD49CD1AC825195CC08586D56890B3EC5D947F52B408B09CB5AD1ADFDE9DA746D00C7A01DF25A027C347380506A30340B867589608C638E7890465C2F429450962E3393949B2D7D9E90A02C3A99463F849903AA044494826504A38054AE8580AD6B0E900B5D0D8B8688C009867BC09874705D05017E676203B25D8A86085D7D04BDB66BD68CD883AB8CBB2D4160D1E43D2301DA8AEF0B43A88702F00CC817EEB47FF3AC07494CDED5EAC70AA0B377FC082A047060CFBB740B090E78362E62C429DB2C6A04402B62BD7B617D08BE5A886FC2405F24312444B5922585755E242A4C603255CC8D94A62D60F0C4C104063825862BC02D28ABA1048CCE43AAD4E5CDA6B126B484AAEB80D55C540109B8C733AB2FA9172DD2943095A558B00B8D79CD3472ADAF936EDF648C6BAB225D69C1ECDE3D842D48D9B83E2950844B750A863B07202A1DE0E0D68408003B,'sami','IlL03Js/mkA=',1,'Interna',19,'2009-08-06',NULL,0,1,NULL,0),
 (4,'1309700548','Ab.','GEOVANNY','NARVAEZ','SAN CARLO','3400925','','',0xFFD8FFE000104A46494600010101006000600000FFDB004300080606070605080707070909080A0C140D0C0B0B0C1912130F141D1A1F1E1D1A1C1C20242E2720222C231C1C2837292C30313434341F27393D38323C2E333432FFDB0043010909090C0B0C180D0D1832211C213232323232323232323232323232323232323232323232323232323232323232323232323232323232323232323232323232FFC000110800ED00AA03012200021101031101FFC4001F0000010501010101010100000000000000000102030405060708090A0BFFC400B5100002010303020403050504040000017D01020300041105122131410613516107227114328191A1082342B1C11552D1F02433627282090A161718191A25262728292A3435363738393A434445464748494A535455565758595A636465666768696A737475767778797A838485868788898A92939495969798999AA2A3A4A5A6A7A8A9AAB2B3B4B5B6B7B8B9BAC2C3C4C5C6C7C8C9CAD2D3D4D5D6D7D8D9DAE1E2E3E4E5E6E7E8E9EAF1F2F3F4F5F6F7F8F9FAFFC4001F0100030101010101010101010000000000000102030405060708090A0BFFC400B51100020102040403040705040400010277000102031104052131061241510761711322328108144291A1B1C109233352F0156272D10A162434E125F11718191A262728292A35363738393A434445464748494A535455565758595A636465666768696A737475767778797A82838485868788898A92939495969798999AA2A3A4A5A6A7A8A9AAB2B3B4B5B6B7B8B9BAC2C3C4C5C6C7C8C9CAD2D3D4D5D6D7D8D9DAE2E3E4E5E6E7E8E9EAF2F3F4F5F6F7F8F9FAFFDA000C03010002110311003F00F66F131234C420E3F7A3F91AE45A4EC2BACF147FC82E3FFAEC3F91AE3CFDEE0D672DCEAA5F0885CD30BE0D0C4815193CF6A93524F339EB4864EF9A8D8E3A5318922900E690E79A88B9A6B12066A22E4D1601ECEDEA6903364734C2FC50B8CE68604A59B8C1A6F9AC33F3521614DDA3AF5A010E49981FBD5279EF8C6E3F9D56C52F39A4D0D32C09DBFBC68370FD98E3EB502E79A3902A5A2D489DAE5F1FEB1FF3A8FED730E92BFF00DF46A324E2A12DCF34AC3E62EADF4E07FAE93FEFB34EFED0BAC822E661F490FF008D506385EA694376A5663E6468AEAB7CA4017973F84AD5646B9A8818FB74FF00F7F0D636FE69FB853D41B8BE87A478A8E34D8BFEBB0FFD04D716CFCD761E2F7DBA741EF2FF00435C3339C9EB8AE86B538E9BB449BCCCF4A3393D2A20492319A900E2A1A354C189DD51B719E7F0A7E41CFB5723E38F113695A5490D9B817728C03D7629EA7EBE9F876CD28A7276453924AECB9A878BF43D3E76867BE5F3978648D59C83EF8040FC6B3A7F1C6991C1E708AECC7D03F95C67F3AF30B3864D4AF13ED17318623006E19C0ED81D3F2A76AB1DADB36D8E170E0FFACF3F7F3E98C020D75AA115B9CAEBCBA1BB37C40D4FED8CCAF1180B1FDD2C78DA3B0DC7249F7C7E1DAB43FE1604D3C2624686D25001F3083267D401D07D79FA57076AF6ED2133B32B1E8D8CFE74926C05981CE4F040C0AB74A16D8CBDACBB9D92F8DF50B575712FDA064865738561F4EDF9D745A5F8CE37B512EA171A7A96C9D91CE15D47BAB1E7F3CFB1E2BCB8496D1A8F3A2925CFF764D98FD0D235EF94A4451222B0F947523DF3DCD54E8C18A15A563DB5B5FB0FB2A5C452F9A1CE2348C6E690E71851DF9E3D0739C62ADD8EA11EA1019224910A394749176B230EA08FC45784586AD756526639A48FAED64EAA48C123D09000CF1C0AECBC37E35874B90595E6648DE42D25C890B024FF0010C8DDE99C927A9F6AE7950B2D0E88574DEA7A87500D21A82CEFADEFED96E2DA41246DDC7047D4763539E6B99A3A2E37B54257D6A539148474A43B911539A7018152638A5DB91C0A6222C7352EC3EB4813F3A98038A09BB3BAF191C595B0F590FF002AE2891939E2BB2F1A3016D680FF007DBF95718ED5D1639E2F4154807AD3F23B9AAE1BE948D2003AE3DEA1C59A2919FE25D723D174792E7AB921117B927B8F5C0C9AF14D53546D4EFE4964762643CB48C4E2B7BC717135F6AA6552DB5310AA161DC6EC81D79EBF90FAF3B1695701524906031185C1271EA7DABA2943963732A9272764115E4D03A0F390843F2B344AFB7DC64536FAEC2B9585A6757397799F7173F4038FD7EB5764D2CC892987264898715341E1DD42EA1590DB1646E32BD41AB734B764AA537B2312DA38A698ACA0AE54ED2BEBDA9A54168D141C67E6FAD7629E0EBA7B7124719322FCA46318ACDB8D167B2025F2486FBAB919FA9A95562CA7869A473D721F7850A40ED40BA9C42D11DBB0FF00B209FCFB5684BF6E11080CB3085B9F2F71DA7F0E954658B68DB83B87AD6B295DE873A834B52025B804E476CD39555655F34305EFB7AE3DA82A0FDD04E3BD58B24825731CCDB14F461DA9203AFF000178822B2BDB8B6BDBD290C88A23695B014827039E99DC7F2F7AF4FB7BA8674F9254723AED20D7CF515C3D9DC896260248DBE56FA77AED34AF11DA41736BA8080DB4CCDB6758176C72212371C74C8EB91CF15854A7CCEE8E8A552CAC7AA9618E3A5209071CD405F299078C706A3F300F4AE6E53A398B9B867D6824FF00F5AAAACA3A93F4A76F3D68B07316565CE01E2A7F33E9540B8DB4F05B1D6A9449723BEF1C36D82CFF00DE7FE42B8A7704576BE374DF1D973CE5FF00F65AE29A20060E6B75B1CEAF6222FEF591AF6B3168FA5CB752E1B036A2138DEE7A2FF5FA035A6E98EE6BCF3E25AB03A60DE767EF495CF19F94038FCFF5AA49315D9C525D49717FF68B872CEEE5DCE31924E4D769E1ED0EF75EBF89576C56CB82DD4B11EFE99AE474AB47BABC50172179AFA03C23A62E9DA3C79502593E66207F9FA56588ABC8AC8EBC2D3E6776675B785ADAC35058AE10085CFC9381C1FF0065BD0FF3AE920D0B4EB375DAAA1DB8519009FA0EF5AF1DB2CC9890654F041EF52DB68F636A77C16B0C6DEAA801FCEB9629CB53ADB51D0A1FD9701271105C8C1E2A8DEF86ED2E632A635CFF007B1CD746D181D3B54330F97834DAB0948E3E6F05E9B2C0639AD63789BAA32F7AE2B59F86B6A3735936DFF65C93FAE6BD6D8F63C8ACFBB84E09C706B37524B54CD1462FE247CEDA9F85EFB4D2C0A0207A739AE7CAB2391B48C7B57BE6AF651CA1B781D3A9AF2FF11E97E5996581418BBB81C7E06BA68625C9F2C8E5C4E1236E681C61C13572CE68E3E2550EBFDD3D0D542B86A519CF1D057623CCD8F69F0CEA125FF87ADDE524CD10F2A5DCD93950393F5041FC6B48B9CE36E6B9DF09C4F6FE1C59598334EED21E73CFDDFF00D97F5AD65B87DB838AC650D743753D0B7E795E0003DE8128EACD54CC993834C77C77A1404E6CD0326EE47356431C0ACA8A424D69AE768E074F5A1AB094AE7A4F8CC6E5B31FEFFF00ECB5C8B21AEC7C5C326D47B39FE55CB14C8A572A2AE8CC96126BC93E20CA1FC4A220C710C088C3D1892DFC9857B33A7B57817882592E7C51A9C931C9FB548BF82B1503F202AE0EE12563A1F05DA19EEE2458F00B0DC715EEB670848D1318005797FC36B02CFE691F227CC78EFE9FA57AAABAA60138AE0C44B9A7647A5415A05F8F2054DB98AF4A4B774640C7038E2A7124639E315708BB132656DD8EA2A19007E9565D1646C83D6A00AA24279A248A4D1526560B806B32E64619C8AD99640CDB4638ACDBA45627A64F6AC251D343683EE73F76A9203900FD6B95D7ACBED769246A39C57577E86339038AC6948248ACE2DA66AD5D1E21A85B1B6BA923239535541E7A574FE2FB510EA4E76EDDC72315CBE79C57B309734533C0AF0E49B47B0680547866C02A81FB85CFFBDDFF001CE6A432907041FC2A9785E532F852CD9860E1C7031FC6D5738CE687B916D0786C9EF48E5B34E0C06052923EB473072842086E4D6BC6098D7E82B215866B5A13FB88F9FE11FCA87A89687A9F8A0032DB0FF65BFA5734EB8AE9BC4DFEBA01FEC9FE75CE3824D7337A9D74D7BA8AAC9935F3E78814A78B35252B8FF4B90E3EAC4D7D0ECBD6BCAFC59E0FBB8751B8D6F6A1B57B9C60C9F31DDD0E3D339FE7554E694ACCA9C1B5A1D7F802331682243F799CF3FCBF4AEB6DADE5994C8D8C92701AB9FF0003C626D1C0038F348E0FD2BAABC49A1B76587EF638C715C751DA7267753D6090D7B7494F9735ECA241C88E1193F90AC7916F2D25616BAAC9BB3811DCA7F88A81B42BDD474E9D5AEE54BA0C1E28C6E58F00F4383F313DF355B44F0BDF58C33ADFDD4AF70ED944192839E7E5C9C0EDD69B6DC6E52B2958E9F4BB9B969089DC30039C0C53F50BAF218B06E31922A2820FB304007CC17049F5AA5ACB37D9DB27822B2726A3A96A09C8C19F5FBF9AED96C53710703BE69D65078999DA69CDBBAB9DC479C063E800AC9D11A45D57ECCD12334ADC49313E5C633D481F78FB702A7D7F53F11586B29A745636D2448C7327900295E36ED00E73D73D7B56904ED7226D5EC5FBC799919664647EDDC573CF7389B0783DC568C1AC4CF706CEEA16497A10C4B0FC09EA3D8D53D42CC993CC45C715126B6292EA8E2BC6910787CDEB8FD2B82C7CD5DF78C1F659229EAED8AE0CA932600EBD2BBF0D7E43CCC7DBDA2F43D43C30DB3C2966BFEFF23FDF6ABCCDEF599A1C6D67E1EB585F1BB696E0F50CC587E8454AD31CF5AD9ABB6732D9177CC03A9A04E01233543CE38EB4CF3727147285CD58A650F9C06FAD6F5B806DA2383CA0FE55C942E03006BB4B28C1B0B73EB12FF214D10CF4CF12737308EFB3FAD73EC39ADFF11F37717FD73FEA6B098735C92DCEDA7F0A21209E9C573FE31B05FEC77BC099923087767AE5B6FE9FD6BA4C54C6D20D434CBAB3B8E51D300FA64F5FCF150D6CCE8A72DD77D0C4F025B1B6D0919930598B8F7CF39AEBA31BCFCDCD65687672D8DA2DACC4168F0A08390476C7E15BD180A0702A12E691A4BDD561CA88ABF76ABCA8880955C13DEAD1C9E82ABDD0223E3A9E056B25A686717A99E705F1DBDEB0FC44FB62C60FBE2BA2820567F9D863D4D61F88ADA36462AC0608C7BD72CE2F92E75D392E6B1CDE9E36DEA4ABC30FD6BA992C05C207538E3B572907FA3DDA090E012315DA5B31118FA528EBA31CF4D51873E8D0AB076E5874CF6AA974D08859768DC07A56FDDB23F19C1AE6B544540483F5A4D598D6AB53CABC72FF00E976F176E5BFCFE7593A468697B3C4D3CAC88E485DA3935B5E2B8D2E350814BE093B7E809ADCB2D392DE0B0F2DC48910932DDF9E47F5AEC8D471A5151DCE495153AD294D6897E84B30254E6B3DC1AD49C8DBEF541979ADD48E0702B9E05340EF5295E79A6B002AD488E5248B3BD6BD174D873A5DA1F5853FF4115E7700F9D6BD4F48873A3589C1E6DE3FFD0453B91289D8788B1F6D8F3DA31FCCD61B77AD9F1113FDA09E9E50C7E66B1C8E2B99EE7553F8511D4F68DFBEDA4643704540D491C8637565EA0E6A1A358BB3B9B4D12C77436125596AD0E074ACE8AF96E6E523556CAA9393F855F2D85A85A366AC98CAA8067A9ACED4A412C4515B0D5683663C10339CE6A9CD10DE5D9BAD549B6874D24EE61DA583E9114D3477B7B73E69C94B8977053EDC715CBF88A5D6AF13F77BAD114E77940D9FE95DCDCBC4D098B72E739ACBD5268A7548C11803E618AC2699D90F4DCE42D96E6E562460CEE072E46326BBBB4568AD115DB2C0726B2ED6189400AA33EA2B4D642A9B49E6A224CF5562ADD9C127233D6B9DD565CC46B76F1B2849C66B98D5DBE4DA29091C85F592DCCB232C2D2CEE00423A273CD6969D03DB69EB1CA0872727DAACD948A1DD4004E39A9241C56B4F564D59354EDDCA3366AAB100FAD5D9FA74ACF91B935D51679ED0C7233C537AD34927A5393DEAF620B1028DE315EBBA2C44E85A79C7FCBB47FF00A08AF23B61F38FAD7B56870E7C3FA69CFF00CBAC5FFA00A7133A9A177C447FE26207A463F99AC763C56B78848FED33FF005CD7FAD6331159BDCDA1F0A1A5E985B3431514D2F52593D8BECBE427BF15BDBB7015CD072A415E187435B36D742440DD3D8D672DCD61AA2D4AEE887CB00B9E99AC4BDB7D4A6015AE638D49E4A2139FCCD6C6FCF5A8A4F9C63B54BB336A6F95986DA45E152C6FB207FD321FE359575A35DAF3FDA3804F2047FF00D7AE82E6D667E16491547A1AA6F6854732C99F7359CA4BB1D51A8FBFE0622477D692A88A44953D5B2BFE35D048C5A147C61B1CD531085CE7F335219C088AE474A952225A94AEA70EDB3BD73BAC3F5391802AF4F71B6E1DB35C878BF5536DA73F967F78FF002A9CF4CD38AE69591126A29B61E1F59AE6EAEAF1D8B5B3B6D8C67A118FE75B32553F0CC6B1F86ACC2A800AB371DF2C4E7F1E0D5E939AE9764EC8E3E6725765198641ACD954F5AD771F2106A84A80B648AA8B33922877C52F20F5A919306A2380DC56BB99EC5A849DC08AF79D063FF8A774CFFAF48BFF004015E070B735F4368698F0FE9BC7FCBAC5FF00A00AA4655199FE236C6AAC3FD85AC367AD8F11AEED59F9FE15FE558AD10F5AC99B47E14319F9A8CC943200786A66D1DE828903FBD6844CC2D9244EA0723D6B92F12EBD0681A5B5C39DD33FCB0C79FBCDFE03BD6E7852EE5BFF000AE9F773B6E966843B9F526B2AD17CB736A32F7AC6F59DD4770300F3D083D455D50B9AE75EDE45937C44AB839C8A9535A48F0971FBB93DF806B08CEDB9D1283E86F4ECA17DEB3AEB6E3381548EB56EF2604C9F9D54BCD6ADC29024527D8D5CEA2685183413103926B1EF3508A104753E99AA1A9EBAA232B1919F5F4AE52E2FDE790FCF5CF63A2299AB757E09C21CB1ED58B7BA61D5AEADE190129BB73B2F51E9FCFF004AB36E0633DCD606BBAC4FA5EB56535AC98640772E7861C641F63FFEAE715D187579AB186224A34DB3D0551638951142AA8C003A0A825A7C37115E5A437309CC52A0910FB119A631EC456ACE64F42B373D6AB48B9AB6FC55775F968426519571D2AB38ABAE3A8C55764F6AD62CCA486C43F957D23A3A6343D3C7A5B47FFA08AF9CE34EA7D8D7D27A6A85D2ACD46702041FF8E8AD11CF50E57C4B36DD6A65CF40BFC8561C97000E4D5BF16CBB7C437233D027FE822B9A96E02A966700019249E051C971AA96468B5C8F5A8A4BC5442CCC0281924F615C06A5E3E8E2BA682CA013AAF06566DA09F618E9EF5CF5EF8B755BE8DE1795638D9487545C020F51EB5A2A0EC275B52BF8AB5F975CD54CB961029DB0A1FE15FF0013D4FF00F5ABDC7C0C31E0CD207FD3AA1FD2BE6F76DD2E7DEBE8DF01CCB2F83F4BC1FBB6C8A7EA060FF2AC714BDD5636C2CAF36D9BAEDE5C9ED45C5ADB5DC389114FD69F3A646EA8B636DF96BCFB7467A49F54737A8787E35CB42EC07F773D2B9F9F4E9A3382EE47B9AEEDE2663839AA3736991823F3AC9C3B1B2A8FA9C0DD5948F80A6AB0D3083920D77C34742B92BCD55B8D29501C0AAD58B9CE3A522D612CDD0579BEB374D77A9492B76E00F415E8FE2A64D3F4F92593A93B517D58FF00927F0AF2A95CBB96273939AEFC2434723CDC6D4D140F46F02EB2D7765269D3365E01BA3C9E4A6791F8123FEFAC76AE9E4EB5E4BE1CD5868FABC572E098882926064ED3D71FA1FC3DEBD42D353B2D4A0F3AD2E1254EF8E08FA83C8AD2B41DF991951A89C6CF7256F7ED51311D314F639CD3383D6B0372175CF6A84A1AB2DCF22A33D6A9325A2255DA4F1D8D7D2564B8B1B71E9128FD2BE764C1CF1D8D7D1B6E316D10F441FCAB58B39AB2D8F17F88BE2BB2D33C4F7B6E019AE5768280E02FCA3A9AF26D6FC557F7E8D0B48B1C4DD5231807EA7AFF004ADEF8AD2AA7C40D6091CF98B8FF00BE16BCF46E91B26BB2114A299CB26CB16B932E4D3DD8665DBD071525B4616277E9815020CC5396EE6B4E808A8DC57B4FC2BD602E99169F704AAC859ADDCF46393B97EB9E7F1AF1761EF5EB1F0D20B7D5741B8D3A72CAF14BE6C4EA70C871F787E39AE4AF6E5D4EAC3DF9B43D7986E4A80300306B1ED758BBD2905B6BB1318C7097F12651BD3701CA9AD65922B88C4904B1CA84643230208AE0942DA9E8C677D0247454C93CD53553713600F9477A966D8A3323AAA8F520567C9E26D0EC7E56BF89DFB2439918FE0B9A9507229CD456E6C346123E98FA562EA334504324D34891C4832CEE70147B9AAD73AEEA7A8467FB2F4F6863EA6EAFBE4455EE40EA6BC8BC6BAEFF00696A4365FBDDC30A850C1764658752AB9FD7BF6E315B53A1CEEC613AEA11B94BC69AF0D5F556581F36B0E562E31BBD5BF123F202B932726A491CBB127AD475DCA2A2B951E64E6E727262F5AD3D23509B4BB913C4707B83D08F4359F1AE4E4F4AB1B831C0E95A456845F53D1B4EF11596A4C2356F2A7233E5B77FA1EF5AA0579142E629F209CAF4C1AEBB49F1298A155BC6CC60ED0C4F23FC6B9E787D2F13A69E23A48EB8F4A6707B54705DC37716F8255917D54D4840C57359A7A9D49A6AE89100CE31D6BE8E4188D47A015F39C43240C7522BE8D1C0C569039EB743E47F8A4ED3FC49D6C67E559C0FFC716B9445C0C0AEC3E24463FE1606B8C3BDCFFECA2B9254CB62BBE0B4471BDC94B6DB5FA9AA77292491EE44628BF7881C0FAD5FBD8FCA8224E7A66A911B90A93C554B5D00853E64078247515E8DF0BEEC45A980A4007E571F5E9FD6BCDE326297691D78C5753E0EBA165E23B639C46E76B7B7A1FCF03F1AE6AD1BC19D18695A68FA4602A613BC023B8358B7DA0E977D2473BC212355F290465936E4961D3800E4FE26B4ACA54B8B5054FDE155EE6DAF2EDE2B68E058E1F315E494B0E40E40007F5F4AE3D3934DCEFD79EDD0A31F82B460C19EC849FF005D18B56BC3A658D8A016D690447A02A801FCEB458A8F9476AE27E22F8A87873422B138FB65D131C43232A31F3363DBA7D48AA50BBB0A53B2BB3CC7E2678D2E353BF9B48B298A69F0B6C9369C79EC0F24FB03D07E3E95E765D997AF029F72E6472C7926A16F9542D76F2A82B23CB7373F798DEF4E0053453C0C5095C4D8EDDC633C53B77CA38031FAD348E2954E08E05684934413EFB82DC8E03853F5E873F855BBF5685E38BE6F2422B2E5701B23961EA33919EF8EDD0537994AE56DE2539E0FCC71F993FAD026320F9BF20303F2ED496E32582F2E2C66596DE565FA1AEBB49F14C576561BB22294F46FE127FA571AA7208A8D8146CD29C14B72A151C1E87B05A9CC91F3D587F3AFA3EBE37F0CEBB736D7B6B03FEFA032A2EC3D572C0706BEC5F353FBC3F3AE674DC19ACAA29D8F93FE2365BC77AD107FE5E4FF00215CBC4A370CF5AE93C74A7FE138D6867FE5EDFF009D738A70E2BBA1F0A39DEE4D7F9C28EBC567918357EE30704D517CEFA6D00F8EC5AE966911D10C11994EF246E03A81EFE9F43459DDAC17504DD591C311F434CC9DA704F3516CE391512452763E86F05EB0972821570CA46410735DCA21DB9C57C9FA3EA575A3EA115DD9DCBC32C67208E41F623A11ED5F4AF83FC4917897455BA45D92A9DB2267A1FF000F4AE2747911E846B7B4D6C5AF106A0345D02FF5229BCDB40D205F520703F3AF96356D5B50D6B517BDD42779E773CB31E07B01D87B0AFA9BC4FA79D53C35A958AE37CD6EEAB9FEF6323F515F2CBA80DC8C7D6B5A296A61896EC8A4F11383D291ED275412BC6CA87A1356266000E40F6A74BA93C96BF67D839017713D87418AE8697538E2DD8A491E7934E71CD4FF0028503A1F5A8587CD4AD61DEE467AD28E39A31CD3B0314008BCF14270D4038E697A90680240BCE69E50BAE7D29106F2AA485C9EA7A0A97011B1B81E7B77AA11A5E1D84B6B363C7FCBCC5FFA18AFB448E6BE38F0CA93E20D380C1CDD45C1FF007C57D8E739358D7E85C0F91FC68FE678C3587E79BC979CFF00B44573CA0990019AED3C63A4AA78A3543E6F06EA46FBBD32C4FAD73E9A7AAC8A779FCAB584972A13452BA5DB851D71D2A995E724735B377669E76371E9559ED9026DEF9CEEEFF4AABA033B07D38A601C907A1AD43689E503939AAF340A1873D28158AC13807D2BD3BE106AFF0065D7DEC1D8F97768401DB78E47E99FC8579F47029CE4D6BF85C9B1F11D8DCC47E78E7461F9F3FA647E351349C4D29C9A91F4CB2F4AF9275D096FAE5F4280048EE644500760C40AFABB57BC361A35D5EA2066861690293D4815F23DC079AE9E495CBC8CC599B1D493C9AC29E9736AEFDD2A3EE76CE0D48D06D547E307A5591000339A5DB95D99F9472057458E48EA882543C7D2A3217CB5C29DF93939E31DB8FCFF004E98E6D4880F24F6A8B601431D8AFB69DB78A9950734A10500562B83ED4A00C62AC1414DD82900C1F74629EA4E294A0CD2A8C1E0F34D3158DFF09AEEF14694149FF8FC8739FF00AE8B5F629EA6BE40F05441FC57A5924F1770B7E4E0D7D818CF358D7DD1503FFFD9,'geova','2/oNodnw/ylr4mNFdgtn3A==',1,'Interna',2,'2009-08-06',NULL,0,2,NULL,0),
 (5,'1','','a','ORDONEZ','c','','','',0x47494638396137004A00B30000000000CCCCCC6A6A6A202020999999FFFFFFAFAFAF3F3F3FF2F2F27D7D7D0F0F0F8F8F8FBFBFBFD9D9D95050502F2F2F21F904041400FF002C0000000037004A000004FFB0C849ABBD38EBCDBBFF60288E64699E68AAAE6CEBBE676310B4D1C09E5CEFC48D673A9AE0A100281E02DFAF124C0C8C50E3C0B0ACD49CD1AC825195CC08586D56890B3EC5D947F52B408B09CB5AD1ADFDE9DA746D00C7A01DF25A027C347380506A30340B867589608C638E7890465C2F429450962E3393949B2D7D9E90A02C3A99463F849903AA044494826504A38054AE8580AD6B0E900B5D0D8B8688C009867BC09874705D05017E676203B25D8A86085D7D04BDB66BD68CD883AB8CBB2D4160D1E43D2301DA8AEF0B43A88702F00CC817EEB47FF3AC07494CDED5EAC70AA0B377FC082A047060CFBB740B090E78362E62C429DB2C6A04402B62BD7B617D08BE5A886FC2405F24312444B5922585755E242A4C603255CC8D94A62D60F0C4C104063825862BC02D28ABA1048CCE43AAD4E5CDA6B126B484AAEB80D55C540109B8C733AB2FA9172DD2943095A558B00B8D79CD3472ADAF936EDF648C6BAB225D69C1ECDE3D842D48D9B83E2950844B750A863B07202A1DE0E0D68408003B,'interno','4RNaI+hGNo0=',1,'Interna',2,'2009-08-06',NULL,0,1,NULL,0),
 (6,'1616161616','Sra.','USUARIO','USUARIO','USER DIRECCION','','','',0xFFD8FFE000104A46494600010101006000600000FFDB004300080606070605080707070909080A0C140D0C0B0B0C1912130F141D1A1F1E1D1A1C1C20242E2720222C231C1C2837292C30313434341F27393D38323C2E333432FFDB0043010909090C0B0C180D0D1832211C213232323232323232323232323232323232323232323232323232323232323232323232323232323232323232323232323232FFC000110800ED00AA03012200021101031101FFC4001F0000010501010101010100000000000000000102030405060708090A0BFFC400B5100002010303020403050504040000017D01020300041105122131410613516107227114328191A1082342B1C11552D1F02433627282090A161718191A25262728292A3435363738393A434445464748494A535455565758595A636465666768696A737475767778797A838485868788898A92939495969798999AA2A3A4A5A6A7A8A9AAB2B3B4B5B6B7B8B9BAC2C3C4C5C6C7C8C9CAD2D3D4D5D6D7D8D9DAE1E2E3E4E5E6E7E8E9EAF1F2F3F4F5F6F7F8F9FAFFC4001F0100030101010101010101010000000000000102030405060708090A0BFFC400B51100020102040403040705040400010277000102031104052131061241510761711322328108144291A1B1C109233352F0156272D10A162434E125F11718191A262728292A35363738393A434445464748494A535455565758595A636465666768696A737475767778797A82838485868788898A92939495969798999AA2A3A4A5A6A7A8A9AAB2B3B4B5B6B7B8B9BAC2C3C4C5C6C7C8C9CAD2D3D4D5D6D7D8D9DAE2E3E4E5E6E7E8E9EAF2F3F4F5F6F7F8F9FAFFDA000C03010002110311003F00F66F131234C420E3F7A3F91AE45A4EC2BACF147FC82E3FFAEC3F91AE3CFDEE0D672DCEAA5F0885CD30BE0D0C4815193CF6A93524F339EB4864EF9A8D8E3A5318922900E690E79A88B9A6B12066A22E4D1601ECEDEA6903364734C2FC50B8CE68604A59B8C1A6F9AC33F3521614DDA3AF5A010E49981FBD5279EF8C6E3F9D56C52F39A4D0D32C09DBFBC68370FD98E3EB502E79A3902A5A2D489DAE5F1FEB1FF3A8FED730E92BFF00DF46A324E2A12DCF34AC3E62EADF4E07FAE93FEFB34EFED0BAC822E661F490FF008D506385EA694376A5663E6468AEAB7CA4017973F84AD5646B9A8818FB74FF00F7F0D636FE69FB853D41B8BE87A478A8E34D8BFEBB0FFD04D716CFCD761E2F7DBA741EF2FF00435C3339C9EB8AE86B538E9BB449BCCCF4A3393D2A20492319A900E2A1A354C189DD51B719E7F0A7E41CFB5723E38F113695A5490D9B817728C03D7629EA7EBE9F876CD28A7276453924AECB9A878BF43D3E76867BE5F3978648D59C83EF8040FC6B3A7F1C6991C1E708AECC7D03F95C67F3AF30B3864D4AF13ED17318623006E19C0ED81D3F2A76AB1DADB36D8E170E0FFACF3F7F3E98C020D75AA115B9CAEBCBA1BB37C40D4FED8CCAF1180B1FDD2C78DA3B0DC7249F7C7E1DAB43FE1604D3C2624686D25001F3083267D401D07D79FA57076AF6ED2133B32B1E8D8CFE74926C05981CE4F040C0AB74A16D8CBDACBB9D92F8DF50B575712FDA064865738561F4EDF9D745A5F8CE37B512EA171A7A96C9D91CE15D47BAB1E7F3CFB1E2BCB8496D1A8F3A2925CFF764D98FD0D235EF94A4451222B0F947523DF3DCD54E8C18A15A563DB5B5FB0FB2A5C452F9A1CE2348C6E690E71851DF9E3D0739C62ADD8EA11EA1019224910A394749176B230EA08FC45784586AD756526639A48FAED64EAA48C123D09000CF1C0AECBC37E35874B90595E6648DE42D25C890B024FF0010C8DDE99C927A9F6AE7950B2D0E88574DEA7A87500D21A82CEFADEFED96E2DA41246DDC7047D4763539E6B99A3A2E37B54257D6A539148474A43B911539A7018152638A5DB91C0A6222C7352EC3EB4813F3A98038A09BB3BAF191C595B0F590FF002AE2891939E2BB2F1A3016D680FF007DBF95718ED5D1639E2F4154807AD3F23B9AAE1BE948D2003AE3DEA1C59A2919FE25D723D174792E7AB921117B927B8F5C0C9AF14D53546D4EFE4964762643CB48C4E2B7BC717135F6AA6552DB5310AA161DC6EC81D79EBF90FAF3B1695701524906031185C1271EA7DABA2943963732A9272764115E4D03A0F390843F2B344AFB7DC64536FAEC2B9585A6757397799F7173F4038FD7EB5764D2CC892987264898715341E1DD42EA1590DB1646E32BD41AB734B764AA537B2312DA38A698ACA0AE54ED2BEBDA9A54168D141C67E6FAD7629E0EBA7B7124719322FCA46318ACDB8D167B2025F2486FBAB919FA9A95562CA7869A473D721F7850A40ED40BA9C42D11DBB0FF00B209FCFB5684BF6E11080CB3085B9F2F71DA7F0E954658B68DB83B87AD6B295DE873A834B52025B804E476CD39555655F34305EFB7AE3DA82A0FDD04E3BD58B24825731CCDB14F461DA9203AFF000178822B2BDB8B6BDBD290C88A23695B014827039E99DC7F2F7AF4FB7BA8674F9254723AED20D7CF515C3D9DC896260248DBE56FA77AED34AF11DA41736BA8080DB4CCDB6758176C72212371C74C8EB91CF15854A7CCEE8E8A552CAC7AA9618E3A5209071CD405F299078C706A3F300F4AE6E53A398B9B867D6824FF00F5AAAACA3A93F4A76F3D68B07316565CE01E2A7F33E9540B8DB4F05B1D6A9449723BEF1C36D82CFF00DE7FE42B8A7704576BE374DF1D973CE5FF00F65AE29A20060E6B75B1CEAF6222FEF591AF6B3168FA5CB752E1B036A2138DEE7A2FF5FA035A6E98EE6BCF3E25AB03A60DE767EF495CF19F94038FCFF5AA49315D9C525D49717FF68B872CEEE5DCE31924E4D769E1ED0EF75EBF89576C56CB82DD4B11EFE99AE474AB47BABC50172179AFA03C23A62E9DA3C79502593E66207F9FA56588ABC8AC8EBC2D3E6776675B785ADAC35058AE10085CFC9381C1FF0065BD0FF3AE920D0B4EB375DAAA1DB8519009FA0EF5AF1DB2CC9890654F041EF52DB68F636A77C16B0C6DEAA801FCEB9629CB53ADB51D0A1FD9701271105C8C1E2A8DEF86ED2E632A635CFF007B1CD746D181D3B54330F97834DAB0948E3E6F05E9B2C0639AD63789BAA32F7AE2B59F86B6A3735936DFF65C93FAE6BD6D8F63C8ACFBB84E09C706B37524B54CD1462FE247CEDA9F85EFB4D2C0A0207A739AE7CAB2391B48C7B57BE6AF651CA1B781D3A9AF2FF11E97E5996581418BBB81C7E06BA68625C9F2C8E5C4E1236E681C61C13572CE68E3E2550EBFDD3D0D542B86A519CF1D057623CCD8F69F0CEA125FF87ADDE524CD10F2A5DCD93950393F5041FC6B48B9CE36E6B9DF09C4F6FE1C59598334EED21E73CFDDFF00D97F5AD65B87DB838AC650D743753D0B7E795E0003DE8128EACD54CC993834C77C77A1404E6CD0326EE47356431C0ACA8A424D69AE768E074F5A1AB094AE7A4F8CC6E5B31FEFFF00ECB5C8B21AEC7C5C326D47B39FE55CB14C8A572A2AE8CC96126BC93E20CA1FC4A220C710C088C3D1892DFC9857B33A7B57817882592E7C51A9C931C9FB548BF82B1503F202AE0EE12563A1F05DA19EEE2458F00B0DC715EEB670848D1318005797FC36B02CFE691F227CC78EFE9FA57AAABAA60138AE0C44B9A7647A5415A05F8F2054DB98AF4A4B774640C7038E2A7124639E315708BB132656DD8EA2A19007E9565D1646C83D6A00AA24279A248A4D1526560B806B32E64619C8AD99640CDB4638ACDBA45627A64F6AC251D343683EE73F76A9203900FD6B95D7ACBED769246A39C57577E86339038AC6948248ACE2DA66AD5D1E21A85B1B6BA923239535541E7A574FE2FB510EA4E76EDDC72315CBE79C57B309734533C0AF0E49B47B0680547866C02A81FB85CFFBDDFF001CE6A432907041FC2A9785E532F852CD9860E1C7031FC6D5738CE687B916D0786C9EF48E5B34E0C06052923EB473072842086E4D6BC6098D7E82B215866B5A13FB88F9FE11FCA87A89687A9F8A0032DB0FF65BFA5734EB8AE9BC4DFEBA01FEC9FE75CE3824D7337A9D74D7BA8AAC9935F3E78814A78B35252B8FF4B90E3EAC4D7D0ECBD6BCAFC59E0FBB8751B8D6F6A1B57B9C60C9F31DDD0E3D339FE7554E694ACCA9C1B5A1D7F802331682243F799CF3FCBF4AEB6DADE5994C8D8C92701AB9FF0003C626D1C0038F348E0FD2BAABC49A1B76587EF638C715C751DA7267753D6090D7B7494F9735ECA241C88E1193F90AC7916F2D25616BAAC9BB3811DCA7F88A81B42BDD474E9D5AEE54BA0C1E28C6E58F00F4383F313DF355B44F0BDF58C33ADFDD4AF70ED944192839E7E5C9C0EDD69B6DC6E52B2958E9F4BB9B969089DC30039C0C53F50BAF218B06E31922A2820FB304007CC17049F5AA5ACB37D9DB27822B2726A3A96A09C8C19F5FBF9AED96C53710703BE69D65078999DA69CDBBAB9DC479C063E800AC9D11A45D57ECCD12334ADC49313E5C633D481F78FB702A7D7F53F11586B29A745636D2448C7327900295E36ED00E73D73D7B56904ED7226D5EC5FBC799919664647EDDC573CF7389B0783DC568C1AC4CF706CEEA16497A10C4B0FC09EA3D8D53D42CC993CC45C715126B6292EA8E2BC6910787CDEB8FD2B82C7CD5DF78C1F659229EAED8AE0CA932600EBD2BBF0D7E43CCC7DBDA2F43D43C30DB3C2966BFEFF23FDF6ABCCDEF599A1C6D67E1EB585F1BB696E0F50CC587E8454AD31CF5AD9ABB6732D9177CC03A9A04E01233543CE38EB4CF3727147285CD58A650F9C06FAD6F5B806DA2383CA0FE55C942E03006BB4B28C1B0B73EB12FF214D10CF4CF12737308EFB3FAD73EC39ADFF11F37717FD73FEA6B098735C92DCEDA7F0A21209E9C573FE31B05FEC77BC099923087767AE5B6FE9FD6BA4C54C6D20D434CBAB3B8E51D300FA64F5FCF150D6CCE8A72DD77D0C4F025B1B6D0919930598B8F7CF39AEBA31BCFCDCD65687672D8DA2DACC4168F0A08390476C7E15BD180A0702A12E691A4BDD561CA88ABF76ABCA8880955C13DEAD1C9E82ABDD0223E3A9E056B25A686717A99E705F1DBDEB0FC44FB62C60FBE2BA2820567F9D863D4D61F88ADA36462AC0608C7BD72CE2F92E75D392E6B1CDE9E36DEA4ABC30FD6BA992C05C207538E3B572907FA3DDA090E012315DA5B31118FA528EBA31CF4D51873E8D0AB076E5874CF6AA974D08859768DC07A56FDDB23F19C1AE6B544540483F5A4D598D6AB53CABC72FF00E976F176E5BFCFE7593A468697B3C4D3CAC88E485DA3935B5E2B8D2E350814BE093B7E809ADCB2D392DE0B0F2DC48910932DDF9E47F5AEC8D471A5151DCE495153AD294D6897E84B30254E6B3DC1AD49C8DBEF541979ADD48E0702B9E05340EF5295E79A6B002AD488E5248B3BD6BD174D873A5DA1F5853FF4115E7700F9D6BD4F48873A3589C1E6DE3FFD0453B91289D8788B1F6D8F3DA31FCCD61B77AD9F1113FDA09E9E50C7E66B1C8E2B99EE7553F8511D4F68DFBEDA4643704540D491C8637565EA0E6A1A358BB3B9B4D12C77436125596AD0E074ACE8AF96E6E523556CAA9393F855F2D85A85A366AC98CAA8067A9ACED4A412C4515B0D5683663C10339CE6A9CD10DE5D9BAD549B6874D24EE61DA583E9114D3477B7B73E69C94B8977053EDC715CBF88A5D6AF13F77BAD114E77940D9FE95DCDCBC4D098B72E739ACBD5268A7548C11803E618AC2699D90F4DCE42D96E6E562460CEE072E46326BBBB4568AD115DB2C0726B2ED6189400AA33EA2B4D642A9B49E6A224CF5562ADD9C127233D6B9DD565CC46B76F1B2849C66B98D5DBE4DA29091C85F592DCCB232C2D2CEE00423A273CD6969D03DB69EB1CA0872727DAACD948A1DD4004E39A9241C56B4F564D59354EDDCA3366AAB100FAD5D9FA74ACF91B935D51679ED0C7233C537AD34927A5393DEAF620B1028DE315EBBA2C44E85A79C7FCBB47FF00A08AF23B61F38FAD7B56870E7C3FA69CFF00CBAC5FFA00A7133A9A177C447FE26207A463F99AC763C56B78848FED33FF005CD7FAD6331159BDCDA1F0A1A5E985B3431514D2F52593D8BECBE427BF15BDBB7015CD072A415E187435B36D742440DD3D8D672DCD61AA2D4AEE887CB00B9E99AC4BDB7D4A6015AE638D49E4A2139FCCD6C6FCF5A8A4F9C63B54BB336A6F95986DA45E152C6FB207FD321FE359575A35DAF3FDA3804F2047FF00D7AE82E6D667E16491547A1AA6F6854732C99F7359CA4BB1D51A8FBFE0622477D692A88A44953D5B2BFE35D048C5A147C61B1CD531085CE7F335219C088AE474A952225A94AEA70EDB3BD73BAC3F5391802AF4F71B6E1DB35C878BF5536DA73F967F78FF002A9CF4CD38AE69591126A29B61E1F59AE6EAEAF1D8B5B3B6D8C67A118FE75B32553F0CC6B1F86ACC2A800AB371DF2C4E7F1E0D5E939AE9764EC8E3E6725765198641ACD954F5AD771F2106A84A80B648AA8B33922877C52F20F5A919306A2380DC56BB99EC5A849DC08AF79D063FF8A774CFFAF48BFF004015E070B735F4368698F0FE9BC7FCBAC5FF00A00AA4655199FE236C6AAC3FD85AC367AD8F11AEED59F9FE15FE558AD10F5AC99B47E14319F9A8CC943200786A66D1DE828903FBD6844CC2D9244EA0723D6B92F12EBD0681A5B5C39DD33FCB0C79FBCDFE03BD6E7852EE5BFF000AE9F773B6E966843B9F526B2AD17CB736A32F7AC6F59DD4770300F3D083D455D50B9AE75EDE45937C44AB839C8A9535A48F0971FBB93DF806B08CEDB9D1283E86F4ECA17DEB3AEB6E3381548EB56EF2604C9F9D54BCD6ADC29024527D8D5CEA2685183413103926B1EF3508A104753E99AA1A9EBAA232B1919F5F4AE52E2FDE790FCF5CF63A2299AB757E09C21CB1ED58B7BA61D5AEADE190129BB73B2F51E9FCFF004AB36E0633DCD606BBAC4FA5EB56535AC98640772E7861C641F63FFEAE715D187579AB186224A34DB3D0551638951142AA8C003A0A825A7C37115E5A437309CC52A0910FB119A631EC456ACE64F42B373D6AB48B9AB6FC55775F968426519571D2AB38ABAE3A8C55764F6AD62CCA486C43F957D23A3A6343D3C7A5B47FFA08AF9CE34EA7D8D7D27A6A85D2ACD46702041FF8E8AD11CF50E57C4B36DD6A65CF40BFC8561C97000E4D5BF16CBB7C437233D027FE822B9A96E02A966700019249E051C971AA96468B5C8F5A8A4BC5442CCC0281924F615C06A5E3E8E2BA682CA013AAF06566DA09F618E9EF5CF5EF8B755BE8DE1795638D9487545C020F51EB5A2A0EC275B52BF8AB5F975CD54CB961029DB0A1FE15FF0013D4FF00F5ABDC7C0C31E0CD207FD3AA1FD2BE6F76DD2E7DEBE8DF01CCB2F83F4BC1FBB6C8A7EA060FF2AC714BDD5636C2CAF36D9BAEDE5C9ED45C5ADB5DC389114FD69F3A646EA8B636DF96BCFB7467A49F54737A8787E35CB42EC07F773D2B9F9F4E9A3382EE47B9AEEDE2663839AA3736991823F3AC9C3B1B2A8FA9C0DD5948F80A6AB0D3083920D77C34742B92BCD55B8D29501C0AAD58B9CE3A522D612CDD0579BEB374D77A9492B76E00F415E8FE2A64D3F4F92593A93B517D58FF00927F0AF2A95CBB96273939AEFC2434723CDC6D4D140F46F02EB2D7765269D3365E01BA3C9E4A6791F8123FEFAC76AE9E4EB5E4BE1CD5868FABC572E098882926064ED3D71FA1FC3DEBD42D353B2D4A0F3AD2E1254EF8E08FA83C8AD2B41DF991951A89C6CF7256F7ED51311D314F639CD3383D6B0372175CF6A84A1AB2DCF22A33D6A9325A2255DA4F1D8D7D2564B8B1B71E9128FD2BE764C1CF1D8D7D1B6E316D10F441FCAB58B39AB2D8F17F88BE2BB2D33C4F7B6E019AE5768280E02FCA3A9AF26D6FC557F7E8D0B48B1C4DD5231807EA7AFF004ADEF8AD2AA7C40D6091CF98B8FF00BE16BCF46E91B26BB2114A299CB26CB16B932E4D3DD8665DBD071525B4616277E9815020CC5396EE6B4E808A8DC57B4FC2BD602E99169F704AAC859ADDCF46393B97EB9E7F1AF1761EF5EB1F0D20B7D5741B8D3A72CAF14BE6C4EA70C871F787E39AE4AF6E5D4EAC3DF9B43D7986E4A80300306B1ED758BBD2905B6BB1318C7097F12651BD3701CA9AD65922B88C4904B1CA84643230208AE0942DA9E8C677D0247454C93CD53553713600F9477A966D8A3323AAA8F520567C9E26D0EC7E56BF89DFB2439918FE0B9A9507229CD456E6C346123E98FA562EA334504324D34891C4832CEE70147B9AAD73AEEA7A8467FB2F4F6863EA6EAFBE4455EE40EA6BC8BC6BAEFF00696A4365FBDDC30A850C1764658752AB9FD7BF6E315B53A1CEEC613AEA11B94BC69AF0D5F556581F36B0E562E31BBD5BF123F202B932726A491CBB127AD475DCA2A2B951E64E6E727262F5AD3D23509B4BB913C4707B83D08F4359F1AE4E4F4AB1B831C0E95A456845F53D1B4EF11596A4C2356F2A7233E5B77FA1EF5AA0579142E629F209CAF4C1AEBB49F1298A155BC6CC60ED0C4F23FC6B9E787D2F13A69E23A48EB8F4A6707B54705DC37716F8255917D54D4840C57359A7A9D49A6AE89100CE31D6BE8E4188D47A015F39C43240C7522BE8D1C0C569039EB743E47F8A4ED3FC49D6C67E559C0FFC716B9445C0C0AEC3E24463FE1606B8C3BDCFFECA2B9254CB62BBE0B4471BDC94B6DB5FA9AA77292491EE44628BF7881C0FAD5FBD8FCA8224E7A66A911B90A93C554B5D00853E64078247515E8DF0BEEC45A980A4007E571F5E9FD6BCDE326297691D78C5753E0EBA165E23B639C46E76B7B7A1FCF03F1AE6AD1BC19D18695A68FA4602A613BC023B8358B7DA0E977D2473BC212355F290465936E4961D3800E4FE26B4ACA54B8B5054FDE155EE6DAF2EDE2B68E058E1F315E494B0E40E40007F5F4AE3D3934DCEFD79EDD0A31F82B460C19EC849FF005D18B56BC3A658D8A016D690447A02A801FCEB458A8F9476AE27E22F8A87873422B138FB65D131C43232A31F3363DBA7D48AA50BBB0A53B2BB3CC7E2678D2E353BF9B48B298A69F0B6C9369C79EC0F24FB03D07E3E95E765D997AF029F72E6472C7926A16F9542D76F2A82B23CB7373F798DEF4E0053453C0C5095C4D8EDDC633C53B77CA38031FAD348E2954E08E05684934413EFB82DC8E03853F5E873F855BBF5685E38BE6F2422B2E5701B23961EA33919EF8EDD0537994AE56DE2539E0FCC71F993FAD026320F9BF20303F2ED496E32582F2E2C66596DE565FA1AEBB49F14C576561BB22294F46FE127FA571AA7208A8D8146CD29C14B72A151C1E87B05A9CC91F3D587F3AFA3EBE37F0CEBB736D7B6B03FEFA032A2EC3D572C0706BEC5F353FBC3F3AE674DC19ACAA29D8F93FE2365BC77AD107FE5E4FF00215CBC4A370CF5AE93C74A7FE138D6867FE5EDFF009D738A70E2BBA1F0A39DEE4D7F9C28EBC567918357EE30704D517CEFA6D00F8EC5AE966911D10C11994EF246E03A81EFE9F43459DDAC17504DD591C311F434CC9DA704F3516CE391512452763E86F05EB0972821570CA46410735DCA21DB9C57C9FA3EA575A3EA115DD9DCBC32C67208E41F623A11ED5F4AF83FC4917897455BA45D92A9DB2267A1FF000F4AE2747911E846B7B4D6C5AF106A0345D02FF5229BCDB40D205F520703F3AF96356D5B50D6B517BDD42779E773CB31E07B01D87B0AFA9BC4FA79D53C35A958AE37CD6EEAB9FEF6323F515F2CBA80DC8C7D6B5A296A61896EC8A4F11383D291ED275412BC6CA87A1356266000E40F6A74BA93C96BF67D839017713D87418AE8697538E2DD8A491E7934E71CD4FF0028503A1F5A8587CD4AD61DEE467AD28E39A31CD3B0314008BCF14270D4038E697A90680240BCE69E50BAE7D29106F2AA485C9EA7A0A97011B1B81E7B77AA11A5E1D84B6B363C7FCBCC5FFA18AFB448E6BE38F0CA93E20D380C1CDD45C1FF007C57D8E739358D7E85C0F91FC68FE678C3587E79BC979CFF00B44573CA0990019AED3C63A4AA78A3543E6F06EA46FBBD32C4FAD73E9A7AAC8A779FCAB584972A13452BA5DB851D71D2A995E724735B377669E76371E9559ED9026DEF9CEEEFF4AABA033B07D38A601C907A1AD43689E503939AAF340A1873D28158AC13807D2BD3BE106AFF0065D7DEC1D8F97768401DB78E47E99FC8579F47029CE4D6BF85C9B1F11D8DCC47E78E7461F9F3FA647E351349C4D29C9A91F4CB2F4AF9275D096FAE5F4280048EE644500760C40AFABB57BC361A35D5EA2066861690293D4815F23DC079AE9E495CBC8CC599B1D493C9AC29E9736AEFDD2A3EE76CE0D48D06D547E307A5591000339A5DB95D99F9472057458E48EA882543C7D2A3217CB5C29DF93939E31DB8FCFF004E98E6D4880F24F6A8B601431D8AFB69DB78A9950734A10500562B83ED4A00C62AC1414DD82900C1F74629EA4E294A0CD2A8C1E0F34D3158DFF09AEEF14694149FF8FC8739FF00AE8B5F629EA6BE40F05441FC57A5924F1770B7E4E0D7D818CF358D7DD1503FFFD9,'usuario','2Hue+tQIi8U=',1,'Interna',2,'2009-08-06',NULL,0,2,NULL,0),
 (7,'1638484958','Srta.','Maria del  Carmen','Vallejo Robles','San Rafael','34687875','904587633','',0x47494638396137004A00B30000000000CCCCCC6A6A6A202020999999FFFFFFAFAFAF3F3F3FF2F2F27D7D7D0F0F0F8F8F8FBFBFBFD9D9D95050502F2F2F21F904041400FF002C0000000037004A000004FFB0C849ABBD38EBCDBBFF60288E64699E68AAAE6CEBBE676310B4D1C09E5CEFC48D673A9AE0A100281E02DFAF124C0C8C50E3C0B0ACD49CD1AC825195CC08586D56890B3EC5D947F52B408B09CB5AD1ADFDE9DA746D00C7A01DF25A027C347380506A30340B867589608C638E7890465C2F429450962E3393949B2D7D9E90A02C3A99463F849903AA044494826504A38054AE8580AD6B0E900B5D0D8B8688C009867BC09874705D05017E676203B25D8A86085D7D04BDB66BD68CD883AB8CBB2D4160D1E43D2301DA8AEF0B43A88702F00CC817EEB47FF3AC07494CDED5EAC70AA0B377FC082A047060CFBB740B090E78362E62C429DB2C6A04402B62BD7B617D08BE5A886FC2405F24312444B5922585755E242A4C603255CC8D94A62D60F0C4C104063825862BC02D28ABA1048CCE43AAD4E5CDA6B126B484AAEB80D55C540109B8C733AB2FA9172DD2943095A558B00B8D79CD3472ADAF936EDF648C6BAB225D69C1ECDE3D842D48D9B83E2950844B750A863B07202A1DE0E0D68408003B,'1638484958','4iFJgyBCZz0=',1,'Interna',2,'2009-08-06',NULL,0,12,NULL,0),
 (8,'1244557678','Sra.','angeles veronica','robles morales','la toda','234466768','46i87989655','',0x47494638396137004A00B30000000000CCCCCC6A6A6A202020999999FFFFFFAFAFAF3F3F3FF2F2F27D7D7D0F0F0F8F8F8FBFBFBFD9D9D95050502F2F2F21F904041400FF002C0000000037004A000004FFB0C849ABBD38EBCDBBFF60288E64699E68AAAE6CEBBE676310B4D1C09E5CEFC48D673A9AE0A100281E02DFAF124C0C8C50E3C0B0ACD49CD1AC825195CC08586D56890B3EC5D947F52B408B09CB5AD1ADFDE9DA746D00C7A01DF25A027C347380506A30340B867589608C638E7890465C2F429450962E3393949B2D7D9E90A02C3A99463F849903AA044494826504A38054AE8580AD6B0E900B5D0D8B8688C009867BC09874705D05017E676203B25D8A86085D7D04BDB66BD68CD883AB8CBB2D4160D1E43D2301DA8AEF0B43A88702F00CC817EEB47FF3AC07494CDED5EAC70AA0B377FC082A047060CFBB740B090E78362E62C429DB2C6A04402B62BD7B617D08BE5A886FC2405F24312444B5922585755E242A4C603255CC8D94A62D60F0C4C104063825862BC02D28ABA1048CCE43AAD4E5CDA6B126B484AAEB80D55C540109B8C733AB2FA9172DD2943095A558B00B8D79CD3472ADAF936EDF648C6BAB225D69C1ECDE3D842D48D9B83E2950844B750A863B07202A1DE0E0D68408003B,'angel','2/S0EPBIGOk=',1,'Externa',19,'2009-08-06',NULL,0,1,NULL,0);
/*!40000 ALTER TABLE `empleados` ENABLE KEYS */;


--
-- Definition of table `enviados`
--

DROP TABLE IF EXISTS `enviados`;
CREATE TABLE `enviados` (
  `cliente` int(10) default NULL,
  `email` varchar(70) default NULL,
  `fecha` date default NULL,
  `archivo` longblob,
  `mensaje` longtext,
  `titulo` longtext,
  `codigoenv` int(11) NOT NULL,
  PRIMARY KEY  (`codigoenv`),
  KEY `FK_value_enviados` (`cliente`),
  CONSTRAINT `FK_value_enviados` FOREIGN KEY (`cliente`) REFERENCES `value_clientes` (`cli_codcli`)
) ENGINE=InnoDB DEFAULT CHARSET=latin1;

--
-- Dumping data for table `enviados`
--

/*!40000 ALTER TABLE `enviados` DISABLE KEYS */;
INSERT INTO `enviados` (`cliente`,`email`,`fecha`,`archivo`,`mensaje`,`titulo`,`codigoenv`) VALUES 
 (NULL,NULL,NULL,NULL,NULL,NULL,0);
/*!40000 ALTER TABLE `enviados` ENABLE KEYS */;


--
-- Definition of table `equivalencias`
--

DROP TABLE IF EXISTS `equivalencias`;
CREATE TABLE `equivalencias` (
  `codigoequi` int(11) NOT NULL,
  `periodo` int(11) default NULL,
  `grupo` varchar(3) default NULL,
  `nombre` varchar(50) default NULL,
  `abreviatura` varchar(10) default NULL,
  `valorminimo` double(4,2) default NULL,
  `valormaximo` double(4,2) default NULL,
  PRIMARY KEY  (`codigoequi`),
  KEY `FK_equivalencias` (`periodo`),
  KEY `FK7554F962A274C238` (`periodo`),
  CONSTRAINT `FK7554F962A274C238` FOREIGN KEY (`periodo`) REFERENCES `periodo` (`codigoper`),
  CONSTRAINT `FK_periodoequi` FOREIGN KEY (`periodo`) REFERENCES `periodo` (`codigoper`)
) ENGINE=InnoDB DEFAULT CHARSET=latin1;

--
-- Dumping data for table `equivalencias`
--

/*!40000 ALTER TABLE `equivalencias` DISABLE KEYS */;
INSERT INTO `equivalencias` (`codigoequi`,`periodo`,`grupo`,`nombre`,`abreviatura`,`valorminimo`,`valormaximo`) VALUES 
 (1,1,'AP','SOBRESALIENTE','S',19.00,20.00),
 (2,1,'AP','MUY BUENA','MB',16.00,18.00),
 (5,1,'DI','FALTAS JUSTIFICADAS','FJ',10.00,2.00),
 (6,1,'DI','FALTAS INJUSTIFICADAS','FI',3.00,1.00),
 (7,1,'DI','FUGAS','FU',1.00,1.00),
 (8,1,'DI','ATRASOS','ATRA',4.00,1.00),
 (9,1,'DI','LLAMADAS DE ATENCION','LATEN.',5.00,1.00),
 (10,1,'SU','Rango','20',25.00,29.00),
 (11,1,'SU','Rango','18',29.00,32.00),
 (12,1,'SU','Rango','16',32.00,35.00),
 (13,2,'AP','SOBRESALIENTE','S',19.00,20.00),
 (14,2,'AP','MUY BUENA','MB',16.00,18.00),
 (15,2,'DI','FALTAS JUSTIFICADAS','FJ',10.00,2.00),
 (16,2,'DI','FALTAS INJUSTIFICADAS','FI',3.00,1.00),
 (17,2,'DI','FUGAS','FU',1.00,1.00),
 (18,2,'DI','ATRASOS','ATRA',4.00,1.00),
 (19,2,'DI','LLAMADAS DE ATENCION','LATEN.',5.00,1.00),
 (20,2,'SU','Rango','20',25.00,29.00),
 (21,2,'SU','Rango','18',29.00,32.00),
 (22,2,'SU','Rango','16',32.00,35.00);
/*!40000 ALTER TABLE `equivalencias` ENABLE KEYS */;


--
-- Definition of table `estudiantes`
--

DROP TABLE IF EXISTS `estudiantes`;
CREATE TABLE `estudiantes` (
  `codigoest` int(11) NOT NULL,
  `cedula` varchar(15) default NULL,
  `representante` int(11) default NULL,
  `apellido` varchar(30) default NULL,
  `nombre` varchar(30) default NULL,
  `direccion` varchar(60) default NULL,
  `telefono` varchar(10) default NULL,
  `genero` varchar(20) default NULL,
  `fechanacimiento` date default NULL,
  `estado` tinyint(1) default '1',
  `mail` varchar(100) default NULL,
  `usuario` varchar(100) default NULL,
  `clave` varchar(100) default NULL,
  `adventista` tinyint(1) default NULL,
  `pendientes` tinyint(1) default '0',
  `transporte` tinyint(1) default '0',
  PRIMARY KEY  (`codigoest`),
  KEY `RELATIONSHIP_27_FK` (`representante`),
  KEY `FK86CACCE193F46CA8` (`representante`),
  CONSTRAINT `FK86CACCE193F46CA8` FOREIGN KEY (`representante`) REFERENCES `representante` (`codigorep`),
  CONSTRAINT `FK_estudiantes` FOREIGN KEY (`representante`) REFERENCES `representante` (`codigorep`)
) ENGINE=InnoDB DEFAULT CHARSET=latin1;

--
-- Dumping data for table `estudiantes`
--

/*!40000 ALTER TABLE `estudiantes` DISABLE KEYS */;
INSERT INTO `estudiantes` (`codigoest`,`cedula`,`representante`,`apellido`,`nombre`,`direccion`,`telefono`,`genero`,`fechanacimiento`,`estado`,`mail`,`usuario`,`clave`,`adventista`,`pendientes`,`transporte`) VALUES 
 (1,'121212',1,'AGUAS MOSQUERA','GEOVANNY FRANCISCO','VALLE DE LOS CHILLOS','123','Masculino','2000-02-02',1,'mail@123.com','SANJAJU01','xmpbqCRWFWVwYOsgCpC/0Q==',NULL,0,0),
 (2,'121212',3,'JARA SANTIN','PEDRO ISAEL','SAN CARLOS','432','Masculino','2000-02-02',1,NULL,'SANJAPE01','vYhe2+lhFJ4O9roxDaU2Ew==',NULL,0,0),
 (4,'111111',7,'GUERRA TORO','ISMAEL FRANCISCO','LA FLORETA','','Masculino','2005-06-04',1,NULL,'SANJAIS01','oQLJvf0KJ0s=',NULL,0,0),
 (5,'1309700548',4,'CALVACHE JIJON','ROSA ANGELICA','ANTONIO DE VILLAVIENCIO','3400925','Femenino','2008-08-31',1,NULL,'SANCARO01','NMayg5JkOxk=',NULL,0,0),
 (7,'1212121212',2,'MARTINEZ BUITRON','MARTIN STALIN','CALDERON ','432','Masculino','2000-02-02',1,NULL,'SANJAPE01','vYhe2+lhFJ4O9roxDaU2Ew==',NULL,0,0),
 (8,'1111111111',3,'PARRALES HURTADO','PEDRO PABLO','CARCELEN BAJO','','Masculino','1997-08-07',1,NULL,'SANPAPE01','gACA9EW6ZBR15DAQbPd3MQ==',NULL,0,0),
 (9,'2222222222',9,'SALAZAR MARIN','VICTOR MANUEL','SAN ANTONIO','45','Masculino','1999-05-04',1,'','SANSAVI01','lvGwU9d7CzDo+a0auoCTNg==',0,0,0),
 (10,'121212123',8,'ROSALES JARA','CARLOS MARTINEZ','SAN BLAS','','Femenino','2008-12-09',1,NULL,'USER','/2QuJgrwf/o=',NULL,0,0),
 (11,'8888888',6,'CARVAJAL JIJON','JULIO STEVEN.','NUEVO','','Masculino','2008-12-08',1,NULL,'SSSS','8KZEy/BGt08=',NULL,0,0),
 (12,'23232323',2,'AGUAS GOMEZ','MIREYA','LLANO CHICO',NULL,'Masculino','2008-12-08',1,NULL,NULL,NULL,NULL,0,0),
 (13,'1342512442',3,'VILLA GOMEZ','MARIA PATRICIA','LA FLORESTA','','Masculino','2008-12-08',1,'','','',NULL,0,0),
 (14,'1734354346',2,'GORDON ROSALES','JULIO JAVIER','SDF',NULL,'Masculino','2008-12-08',1,NULL,NULL,NULL,NULL,0,0),
 (15,'1734343434',2,'JARA CALLE','JACINTO GREGORIO',NULL,NULL,'Masculino','2008-12-08',1,NULL,NULL,NULL,NULL,0,0),
 (16,'1309700549',9,'CANDO ANDRADE','PEDRO JULIAN','SAN CARLOS','3444000','Masculino','2005-06-04',1,NULL,'ISMAEL','2nFFBUM9z1c=',NULL,0,0),
 (17,'2020202020',10,'GOMEZ CALLE','ANDRES MARTIN','SAN CARLOS','','Femenino','2008-07-15',1,NULL,'SAMI','R9idEtiO3Bo=',NULL,0,0),
 (18,'1734342434',11,'CORREA ANDRADE','MARIA AUGUSTA','.','3456900','Femenino','2009-04-21',1,'','carmen','wFxrQLmt+R8=',0,0,0),
 (19,'1723232231',12,'ANDRADE BRITO','MARIA DEL CARMEN','.','3456900','Femenino','2009-04-21',1,NULL,'carmen','wFxrQLmt+R8=',NULL,0,0),
 (20,'1234',13,'ANDRADE BUITRON','GRACIELA MARIA','.','3456900','Femenino','2009-04-21',1,NULL,'carmen','wFxrQLmt+R8=',NULL,0,0),
 (21,'1234',14,'CALVA CALVA','JANETH LUCIA','El BOsque','3456900','Femenino','2009-04-21',1,'','carmen','wFxrQLmt+R8=',0,NULL,0),
 (22,'12',16,'CARDENAS PALADINES','ROCIO GISELA','.','9','Masculino','2010-06-27',1,NULL,'a','0D/I4180nOY=',NULL,0,0),
 (23,'1313131313',3,'RODRIGUEZ MARIN','RUTH HERMINIA','CARLOS V','35679554','Masculino','2009-06-29',1,NULL,'user','wXFr+gz5bHQ=',NULL,0,0),
 (24,'123',3,'ALVAREZ','VICTOR','AAAA','','Masculino','2009-08-05',1,'','AAFFCA','bXNfSXsDdtzBP1SrpxNOkA==',NULL,0,0),
 (25,'1312123121',17,'NARVAEZ','JORGE','ALSL','','Masculino','2009-08-05',1,'','OITERR','qp5r9jBPXOsA/4s/0mYjEg==',0,NULL,NULL),
 (26,'2323232324',9,'VILLACRECES','HUGO','NUEVO','','Masculino','2009-08-05',1,'','UELNEE','2842aLcPb22UIgSPTvBlng==',0,NULL,0);
/*!40000 ALTER TABLE `estudiantes` ENABLE KEYS */;


--
-- Definition of table `global`
--

DROP TABLE IF EXISTS `global`;
CREATE TABLE `global` (
  `codigo` int(11) NOT NULL auto_increment,
  `descripcion` varchar(100) default NULL,
  `grupo` varchar(5) default NULL,
  PRIMARY KEY  (`codigo`)
) ENGINE=InnoDB DEFAULT CHARSET=latin1;

--
-- Dumping data for table `global`
--

/*!40000 ALTER TABLE `global` DISABLE KEYS */;
INSERT INTO `global` (`codigo`,`descripcion`,`grupo`) VALUES 
 (0,'DISCIPLINA','MAT'),
 (1,'DISCIPLINA INSPECTO','MAT'),
 (2,'ADMINISTRADOR','PER'),
 (3,'PROFESOR','PER'),
 (4,'USUARIO','PER'),
 (5,'BASICA','ESP'),
 (6,'\"A\"','PAR'),
 (7,'MATUTINA','SEC'),
 (8,'CIENCIAS NATURALES Y SOCIALES','MAT'),
 (10,'QQ.BB.','ESP'),
 (11,'FF.MM.','ESP'),
 (12,'\"B\"','PAR'),
 (13,'\"C\"','PAR'),
 (14,'\"D\"','PAR'),
 (15,'VESPERTINA','SEC'),
 (16,'NOCTURNA','SEC'),
 (17,'MATEMATICAS','MAT'),
 (18,'SOCIALES','MAT'),
 (19,'SECRETARIA','PER'),
 (20,'CC.SS.','ESP'),
 (21,'SECRETARIADO','ESP'),
 (22,'\"E\"','PAR'),
 (23,'\"F\"','PAR'),
 (24,'FISICA','MAT'),
 (26,'CLUB(*)','MAT'),
 (27,'ASOCIACION(*)','MAT'),
 (28,'\"H\"','PAR'),
 (30,'psicologia de la educaci贸n','MAT'),
 (31,'INFORMATICA','ESP'),
 (33,'Nueva','ESP');
/*!40000 ALTER TABLE `global` ENABLE KEYS */;


--
-- Definition of table `institucion`
--

DROP TABLE IF EXISTS `institucion`;
CREATE TABLE `institucion` (
  `codigoinst` int(11) NOT NULL auto_increment,
  `denominacion` varchar(100) default NULL,
  `nombre` varchar(100) default NULL,
  `email` varchar(100) default NULL,
  `telefono` varchar(30) default NULL,
  `secretaria` varchar(100) default NULL,
  `rector` varchar(100) default NULL,
  `fechacierre` date default '2010-12-12',
  `direccion` varchar(200) default NULL,
  `escudo` longblob,
  `iniciales` varchar(200) default NULL,
  `usuariomail` varchar(100) default NULL,
  `clavemail` varchar(100) default NULL,
  `puerto` varchar(25) default NULL,
  `smtp` varchar(100) default NULL,
  `slogan` varchar(200) default NULL,
  `carnet` longblob,
  PRIMARY KEY  (`codigoinst`)
) ENGINE=InnoDB DEFAULT CHARSET=latin1;

--
-- Dumping data for table `institucion`
--

/*!40000 ALTER TABLE `institucion` DISABLE KEYS */;
INSERT INTO `institucion` (`codigoinst`,`denominacion`,`nombre`,`email`,`telefono`,`secretaria`,`rector`,`fechacierre`,`direccion`,`escudo`,`iniciales`,`usuariomail`,`clavemail`,`puerto`,`smtp`,`slogan`,`carnet`) VALUES 
 (1,'INSTITUTO NACIONAL','ESPEJO','email','0202020','Lic. Rosa Cahue;as','ING. GEOVANNY JADAN','2010-12-12','VIA MARIANITAS -  CALDERON',0x4749463839618200B100E60000B53A0AE18D31BE8B78BD5A35DC8C49E45C02DAA07DDD7430F48F4DE28C44F8BB6BC0B0AAB46346D45401E97404FAB34DDDBDB1DF8449FC9C21CD5201F79D42D4732FD38048BF9B8FF36306D65B01F9AD4AFB911BFACE6EDC8C54DE7E31CEC5C1F9B862ED7E08F48538E1AE8CD96202FCB33BBF4808F98B1ACC5A15BE8069F7A54BFCA22CF7BB85EF7B31FFCC99DE954ACC6633C7714CCCA79AD6B3A6EAA05DC69481F88414D97725F9BB5AC15318FFCC66CE5B02E46303D77B30F4913BF8AD5BE1D1CBFDAC2AF57209B54923F69C53ECB77DF8A445ECBD8FD56D02C35206E8944BB77157FEC34AF7A559FB951FD79A7FE88D4ABDBDBDC46634E57D31C67254D5A492D19E8BCE7D54DFB5A6F18D33F87A11CCCCCCF8C38CC98269EE6203F69440EBB262F98418E6AC6EDF9A56F38035F76A0ACE6A23DE6F04FEBD40F8740FCE8B74F9C46FD5BDB5F69550F3AE42EA9D4BFAB852CC6600CF9581E37730E0C5BCFDB132DE5B02EAAE7CD68531DA9562F58C3BFDA324D8AC9DC75805FBD07CFFFFFF21F9040514007F002C000000008200B1000007FF807F82838485868788898A8B8C8D8E8F909192939495969798999A9B9C9D9E9FA0A1A2A3A4A5A6A7A8A9AAABACADAEAFB0B1B2B3B4B5B6B7B8B9BABBBCBDBEBFC0C1867C062323067CC2B8744F472ECFCF4F74CAB54FD0D72E4FD4B358CE5CDFE05C4758DBB14FDF2CE9EADFDAE5AF065CEAF2E906EEEF2C4577FAFB4545F5F6AD9EF4DBC7AF483B80ABF8DCC94770E19D640859096448F0604455109E2CEC97EF09848BAD80F07962C0C0133E4040C262C346A5CB973063CA9C49B3A6CD9B3873EA5C440782CF9D9FAA5CB992A7689EA16AC801B504C4CA15317EA24A8D5A244F0CA54B23F1793A758DD7AF52F33C4999D551950E51BFAA5DBBC68F98181FFFCB2EAA92C78F5A1078F3EA55F095CA34B988F874F0AA40AFE1C37CDF023E04E40A61BC3F224B9E3C19EF1A1A551617B222468102CAA043E35570E5AFE63F573C476EC2BAB5EBD7AC232B0023E7F41F2B3440FC80CDBBF70FD2B663E8DE4DA4B8F1E3C88FB306D1012BE02BAB934B9FCE9A46EDC5743A106FC3BDBBF7EFE089B0EEA2194B8726C5C1AB5F5FFC0715CD33CE136983A0BEFDFBF8F3B7111FA33C81376F2000C580041668E0815000F81E761600F80682101EA8C484E469168383116638A0126F1060C5696A4CA88486197258DA69333438221411B4E8E28B304640E084FD0507E08031E608E3841664669B0C2A26A0E39050D068DB206ABCA024FF0143E6A8640C101DC9460C4ABEC064932E2A69C187470E2203954B5EA9230104BC60410D5D16F265995692E9E69B555E81669A857C50430C6CB6E9669516C420039D88CCA0460C169059A5991650C125A0897C2043175D50216917352CC0E8A59866AAE9A69C76EAE9A7A0862AEAA8A4966AEAA965612107150C0CE02A155D544116A77C742185053480B10607BCCE36460C31C8312BA3550CD001181CE8A0ECB2CCEA70590C6A98D6251F0310A0C0B23864ABEDB6D92A4B8314D71D29470C6028AB2D1CE8A6ABEEB6CA8E31C00CA70121C7606B64ABEE03F8E68BEFBADD8221858F800D3046BD38A0ABEFC108E70B87B631009C951C63689BAF0614576CF1FFC516A39BAD14510225870578E18BF1C82457BC301803489B131FC281F040C546C42CF3CC34D39C310E3454B8D30092A9A042CD40076DB3063858D0F14D56108003C54237ED746403EC1C99CF14546DF5D55867AD35053EFFD0E3CA16FCA0C2D664979DB5CF51E344C51B547FE1F6DB70C72DF7DC6F73AD820571D50484146DFBE0F7DF80072EF8E07F7FC175026ADCC4870563BBADC7E390472EF9E494476EB80A0CDCA4460214385EF9E7A04BEEB60A52DC44851214F82DC2EAACB7EEFAEBB0BBEE83E130E43D130355AB1EFBEEBCBBFE38053D1C1DD3009DEBD1FBF1C7FBDD83C33211AF3A19D0472FFDF4D4574FFDE3CBDB344016DCB7E0FDF7E0872FFEFFF8E3739F7D4D3104C0FD14ECB7EFFEFBF0C71F3FF715C05B5317010420FFFEFCEFCFBD142A8B891C7A9085F6CDE180084CA00217C8C003B68F7B69AB091B60B0BE2934F082184C20FBF2B720EDE58F7D190CE105A710801E2CEA7E78D09F0545C8420506400AC3A2091BA4F0C1291CE08638CCA10E77C8C31B7A207F29D009155218000FF4F08848F4E10FA560BF59D0E1895004850C6858C4245A71873FC4431061D1142A0C01003908A318013000457542003D28A211AF78450F2CB189ACB0C2004C508100B8810978CC231EDD100033986000CCABC4070680073CB8F1001548A42217C9C8462AB2073F8481005C21070054E08E4C40832637C9C94D32C1FF0D660040B82C71012ABAD191A844650FD2588149B2A29266B8E3264B50875ADAF296B5DC24280770424AD4400A855C652A8799C8559630051F580504A8104B4DD2B2964188A634A7194D5B96A0046870030AFC72891A103298C454252B53D01255543200CEAC0335F7C0CE76BA939AB5C4660000D04B495C60003D08660FC2B9C855E20106E45C851A4CE0866B42D39D084D6842A3794D239820719690410A60A0CF7D12D39F7890822B55A1861C14B4962B50A84847CACE3A94C00D3980A8250430800A14120FAB8CA94C319AD125FC49A01E2DC10A762A819EFAF4A7400D6A50777A4D138C92125160A914F2F9D2A6BEB4025258C205B6C08A2A10B40E3CFFEDA913B6CAD5AE7AF5AB5CFDE90AEAE00600086F121FB8400A182085B6C2E0AD6D1DC01204B000AAB2020800C802562500D6BEFAB5AF12D8E93C37B1850F2C600117B8400D6A20830544C1AEAEE8C20DF6EA840D58F6B298CDAC66378BD9ADEED40C3A8B091F72B053AE6EE004A84DAD6A57CBDAD6AAD6B32B3081ED5EC28000AC60ABAECDAD6E75EB84154CA1832F990169711B86E21AF7B8C84DAE72971B06CBC676B62089C11424B081E2DAE0BAD8CDAE76B7CBDDEE5E770312B80170550280DB9E200C5A48AF7AD7CBDEF6BAF7BDE92DEE560100132BA0C009E785AF7EF7AB5FF9A220900889C10DF2AB853418F8C0084EB08217CCE0036BA1B9E27DC9FF10509BDE065BF8C217D6026A87E012BC6EC00605168288474CE2129BF8C4282EB1166CB001FAAA64064938810D0C5C861ADBF8C638CEB18E778CE334D8E004B255897DD19B061E1BF9C8484EC38351705677C8010520160292A74CE51BAF1805F5B4871A76A0051163E0CB600EB398C74CE6329359C47DC8B2937710022178E1CD708EB39CE74CE73AD7590821E80380DD51852484C0010EE04101064DE8421BFAD0884EB4A1BDE0801024A1C9E5608309FE1C68455BFAD297E641A34D1040800080D282C6B4A8475D004D87C0C52A1902A02B4DEA562B5AD30E882048A840024087DAD5B826340F34BD832DAA440626B0350FEC40EC621BFBD8C84EB6B28BFFBDEB1098008E200180AD974DED6A531BD61C86490A76E0803390C0DAE00EF719CED0878DBAE403D21E77B8D74DED710300B22FD9F6B84940EF06D8FBDEF8CEB7BEF79DEF0C6460DC7DF0354CD03DEF7AF3FBE008EF3709DC0D6F6D9B60DE1948B8C40F9E017A9FC104E696C912FAE06D12447CE220BF77C5C9BD849BA03B0E1DBFF70456CEF296BBFCE52CC7F7C2E3C08064DEE4020088031290E06F98FBFCE72CF7F7CE0170539CE05CE748D8C10E80CEF496EF80DE3B00C00580720106707CE74A6FFACF95BEF33E30A0E83B5900034CB0F3A4675DEB2B573AD79160822544412E1F580200925076B52F7DEB76DF7912009082862F650B0B907B1FCA6E7662BB1B5EED5D0780DBFD5E16C3CADD043B287B1C264FF9C9D7DD048AAF2B9D0C2B000600C00426E8431F2A2FFA24609E0174B539A3B6108528A895010C1882EC8700FB145CA0F58CBF14EB5BCF7BDCA3EAF7C00FBEF0874FFCE21BFFF8C84FBE320201003B,'xKjiR+nVtwuTrpE6SbO/XTQ==','jcinform@gmail.com','ismael2020','25','mail.google.com','Educaci贸n con Amor y Valores',NULL),
 (2,'OTRA INSTITUCION','OTRO ',' ',' ',' ',' ','2010-12-12',' ',0x4749463839618200B100E60000B53A0AE18D31BE8B78BD5A35DC8C49E45C02DAA07DDD7430F48F4DE28C44F8BB6BC0B0AAB46346D45401E97404FAB34DDDBDB1DF8449FC9C21CD5201F79D42D4732FD38048BF9B8FF36306D65B01F9AD4AFB911BFACE6EDC8C54DE7E31CEC5C1F9B862ED7E08F48538E1AE8CD96202FCB33BBF4808F98B1ACC5A15BE8069F7A54BFCA22CF7BB85EF7B31FFCC99DE954ACC6633C7714CCCA79AD6B3A6EAA05DC69481F88414D97725F9BB5AC15318FFCC66CE5B02E46303D77B30F4913BF8AD5BE1D1CBFDAC2AF57209B54923F69C53ECB77DF8A445ECBD8FD56D02C35206E8944BB77157FEC34AF7A559FB951FD79A7FE88D4ABDBDBDC46634E57D31C67254D5A492D19E8BCE7D54DFB5A6F18D33F87A11CCCCCCF8C38CC98269EE6203F69440EBB262F98418E6AC6EDF9A56F38035F76A0ACE6A23DE6F04FEBD40F8740FCE8B74F9C46FD5BDB5F69550F3AE42EA9D4BFAB852CC6600CF9581E37730E0C5BCFDB132DE5B02EAAE7CD68531DA9562F58C3BFDA324D8AC9DC75805FBD07CFFFFFF21F9040514007F002C000000008200B1000007FF807F82838485868788898A8B8C8D8E8F909192939495969798999A9B9C9D9E9FA0A1A2A3A4A5A6A7A8A9AAABACADAEAFB0B1B2B3B4B5B6B7B8B9BABBBCBDBEBFC0C1867C062323067CC2B8744F472ECFCF4F74CAB54FD0D72E4FD4B358CE5CDFE05C4758DBB14FDF2CE9EADFDAE5AF065CEAF2E906EEEF2C4577FAFB4545F5F6AD9EF4DBC7AF483B80ABF8DCC94770E19D640859096448F0604455109E2CEC97EF09848BAD80F07962C0C0133E4040C262C346A5CB973063CA9C49B3A6CD9B3873EA5C440782CF9D9FAA5CB992A7689EA16AC801B504C4CA15317EA24A8D5A244F0CA54B23F1793A758DD7AF52F33C4999D551950E51BFAA5DBBC68F98181FFFCB2EAA92C78F5A1078F3EA55F095CA34B988F874F0AA40AFE1C37CDF023E04E40A61BC3F224B9E3C19EF1A1A551617B222468102CAA043E35570E5AFE63F573C476EC2BAB5EBD7AC232B0023E7F41F2B3440FC80CDBBF70FD2B663E8DE4DA4B8F1E3C88FB306D1012BE02BAB934B9FCE9A46EDC5743A106FC3BDBBF7EFE089B0EEA2194B8726C5C1AB5F5FFC0715CD33CE136983A0BEFDFBF8F3B7111FA33C81376F2000C580041668E0815000F81E761600F80682101EA8C484E469168383116638A0126F1060C5696A4CA88486197258DA69333438221411B4E8E28B304640E084FD0507E08031E608E3841664669B0C2A26A0E39050D068DB206ABCA024FF0143E6A8640C101DC9460C4ABEC064932E2A69C187470E2203954B5EA9230104BC60410D5D16F265995692E9E69B555E81669A857C50430C6CB6E9669516C420039D88CCA0460C169059A5991650C125A0897C2043175D50216917352CC0E8A59866AAE9A69C76EAE9A7A0862AEAA8A4966AEAA965612107150C0CE02A155D544116A77C742185053480B10607BCCE36460C31C8312BA3550CD001181CE8A0ECB2CCEA70590C6A98D6251F0310A0C0B23864ABEDB6D92A4B8314D71D29470C6028AB2D1CE8A6ABEEB6CA8E31C00CA70121C7606B64ABEE03F8E68BEFBADD8221858F800D3046BD38A0ABEFC108E70B87B631009C951C63689BAF0614576CF1FFC516A39BAD14510225870578E18BF1C82457BC301803489B131FC281F040C546C42CF3CC34D39C310E3454B8D30092A9A042CD40076DB3063858D0F14D56108003C54237ED746403EC1C99CF14546DF5D55867AD35053EFFD0E3CA16FCA0C2D664979DB5CF51E344C51B547FE1F6DB70C72DF7DC6F73AD820571D50484146DFBE0F7DF80072EF8E07F7FC175026ADCC4870563BBADC7E390472EF9E494476EB80A0CDCA4460214385EF9E7A04BEEB60A52DC44851214F82DC2EAACB7EEFAEBB0BBEE83E130E43D130355AB1EFBEEBCBBFE38053D1C1DD3009DEBD1FBF1C7FBDD83C33211AF3A19D0472FFDF4D4574FFDE3CBDB344016DCB7E0FDF7E0872FFEFFF8E3739F7D4D3104C0FD14ECB7EFFEFBF0C71F3FF715C05B5317010420FFFEFCEFCFBD142A8B891C7A9085F6CDE180084CA00217C8C003B68F7B69AB091B60B0BE2934F082184C20FBF2B720EDE58F7D190CE105A710801E2CEA7E78D09F0545C8420506400AC3A2091BA4F0C1291CE08638CCA10E77C8C31B7A207F29D009155218000FF4F08848F4E10FA560BF59D0E1895004850C6858C4245A71873FC4431061D1142A0C01003908A318013000457542003D28A211AF78450F2CB189ACB0C2004C508100B8810978CC231EDD100033986000CCABC4070680073CB8F1001548A42217C9C8462AB2073F8481005C21070054E08E4C40832637C9C94D32C1FF0D660040B82C71012ABAD191A844650FD2588149B2A29266B8E3264B50875ADAF296B5DC24280770424AD4400A855C652A8799C8559630051F580504A8104B4DD2B2964188A634A7194D5B96A0046870030AFC72891A103298C454252B53D01255543200CEAC0335F7C0CE76BA939AB5C4660000D04B495C60003D08660FC2B9C855E20106E45C851A4CE0866B42D39D084D6842A3794D239820719690410A60A0CF7D12D39F7890822B55A1861C14B4962B50A84847CACE3A94C00D3980A8250430800A14120FAB8CA94C319AD125FC49A01E2DC10A762A819EFAF4A7400D6A50777A4D138C92125160A914F2F9D2A6BEB4025258C205B6C08A2A10B40E3CFFEDA913B6CAD5AE7AF5AB5CFDE90AEAE00600086F121FB8400A182085B6C2E0AD6D1DC01204B000AAB2020800C802562500D6BEFAB5AF12D8E93C37B1850F2C600117B8400D6A20830544C1AEAEE8C20DF6EA840D58F6B298CDAC66378BD9ADEED40C3A8B091F72B053AE6EE004A84DAD6A57CBDAD6AAD6B32B3081ED5EC28000AC60ABAECDAD6E75EB84154CA1832F990169711B86E21AF7B8C84DAE72971B06CBC676B62089C11424B081E2DAE0BAD8CDAE76B7CBDDEE5E770312B80170550280DB9E200C5A48AF7AD7CBDEF6BAF7BDE92DEE560100132BA0C009E785AF7EF7AB5FF9A220900889C10DF2AB853418F8C0084EB08217CCE0036BA1B9E27DC9FF10509BDE065BF8C217D6026A87E012BC6EC00605168288474CE2129BF8C4282EB1166CB001FAAA64064938810D0C5C861ADBF8C638CEB18E778CE334D8E004B255897DD19B061E1BF9C8484EC38351705677C8010520160292A74CE51BAF1805F5B4871A76A0051163E0CB600EB398C74CE6329359C47DC8B2937710022178E1CD708EB39CE74CE73AD7590821E80380DD51852484C0010EE04101064DE8421BFAD0884EB4A1BDE0801024A1C9E5608309FE1C68455BFAD297E641A34D1040800080D282C6B4A8475D004D87C0C52A1902A02B4DEA562B5AD30E882048A840024087DAD5B826340F34BD832DAA440626B0350FEC40EC621BFBD8C84EB6B28BFFBDEB1098008E200180AD974DED6A531BD61C86490A76E0803390C0DAE00EF719CED0878DBAE403D21E77B8D74DED710300B22FD9F6B84940EF06D8FBDEF8CEB7BEF79DEF0C6460DC7DF0354CD03DEF7AF3FBE008EF3709DC0D6F6D9B60DE1948B8C40F9E017A9FC104E696C912FAE06D12447CE220BF77C5C9BD849BA03B0E1DBFF70456CEF296BBFCE52CC7F7C2E3C08064DEE4020088031290E06F98FBFCE72CF7F7CE0170539CE05CE748D8C10E80CEF496EF80DE3B00C00580720106707CE74A6FFACF95BEF33E30A0E83B5900034CB0F3A4675DEB2B573AD79160822544412E1F580200925076B52F7DEB76DF7912009082862F650B0B907B1FCA6E7662BB1B5EED5D0780DBFD5E16C3CADD043B287B1C264FF9C9D7DD048AAF2B9D0C2B000600C00426E8431F2A2FFA24609E0174B539A3B6108528A895010C1882EC8700FB145CA0F58CBF14EB5BCF7BDCA3EAF7C00FBEF0874FFCE21BFFF8C84FBE320201003B,' ','jcinform@gmail.com','ismael2020','25','mail.google.com',' ',NULL),
 (3,'centro de aprendizaje','los muchachos','lololo','1234567','mariana','luis',NULL,'las casas',0x47494638396137004A00B30000000000CCCCCC6A6A6A202020999999FFFFFFAFAFAF3F3F3FF2F2F27D7D7D0F0F0F8F8F8FBFBFBFD9D9D95050502F2F2F21F904041400FF002C0000000037004A000004FFB0C849ABBD38EBCDBBFF60288E64699E68AAAE6CEBBE676310B4D1C09E5CEFC48D673A9AE0A100281E02DFAF124C0C8C50E3C0B0ACD49CD1AC825195CC08586D56890B3EC5D947F52B408B09CB5AD1ADFDE9DA746D00C7A01DF25A027C347380506A30340B867589608C638E7890465C2F429450962E3393949B2D7D9E90A02C3A99463F849903AA044494826504A38054AE8580AD6B0E900B5D0D8B8688C009867BC09874705D05017E676203B25D8A86085D7D04BDB66BD68CD883AB8CBB2D4160D1E43D2301DA8AEF0B43A88702F00CC817EEB47FF3AC07494CDED5EAC70AA0B377FC082A047060CFBB740B090E78362E62C429DB2C6A04402B62BD7B617D08BE5A886FC2405F24312444B5922585755E242A4C603255CC8D94A62D60F0C4C104063825862BC02D28ABA1048CCE43AAD4E5CDA6B126B484AAEB80D55C540109B8C733AB2FA9172DD2943095A558B00B8D79CD3472ADAF936EDF648C6BAB225D69C1ECDE3D842D48D9B83E2950844B750A863B07202A1DE0E0D68408003B,NULL,'jcinform@gmail.com','ismael2020','25','mail.google.com',' ',NULL);
/*!40000 ALTER TABLE `institucion` ENABLE KEYS */;


--
-- Definition of table `invproductos`
--

DROP TABLE IF EXISTS `invproductos`;
CREATE TABLE `invproductos` (
  `invpro_codigo` int(11) NOT NULL,
  `invpro_tipoproducto` varchar(255) default NULL,
  `invpro_codigoproducto` varchar(255) default NULL,
  `invpro_ctainventario` varchar(255) default NULL,
  `invpro_descuento` decimal(38,0) default NULL,
  `invpro_ctaventas` varchar(255) default NULL,
  `invpro_precio4` decimal(38,0) default NULL,
  `invpro_ctacosto` varchar(255) default NULL,
  `invpro_precio2` decimal(38,0) default NULL,
  `invpro_observacion` varchar(255) default NULL,
  `invpro_codigoproveedor` varchar(255) default NULL,
  `invpro_codigobarras` varchar(255) default NULL,
  `invpro_descripcion` varchar(255) default NULL,
  `invpro_precio5` decimal(38,0) default NULL,
  `invpro_controliva` tinyint(1) default '0',
  `invpro_precio3` decimal(38,0) default NULL,
  `invpro_precio1` decimal(38,0) default NULL,
  `inv_glbglo_codigo2` int(11) default NULL,
  `glbglo_codigo` int(11) default NULL,
  `glbemp_codigo` int(11) default NULL,
  `inv_glbglo_codigo3` int(11) default NULL,
  `inv_glbglo_codigo` int(11) default NULL,
  `inv_academico` tinyint(1) default '1',
  PRIMARY KEY  (`invpro_codigo`)
) ENGINE=InnoDB DEFAULT CHARSET=latin1;

--
-- Dumping data for table `invproductos`
--

/*!40000 ALTER TABLE `invproductos` DISABLE KEYS */;
/*!40000 ALTER TABLE `invproductos` ENABLE KEYS */;


--
-- Definition of table `materia_profesor`
--

DROP TABLE IF EXISTS `materia_profesor`;
CREATE TABLE `materia_profesor` (
  `codigomap` int(11) NOT NULL,
  `empleado` int(11) default NULL,
  `materia` int(11) default NULL,
  `curso` int(11) default NULL,
  `periodo` int(11) default NULL,
  `cuantitativa` tinyint(1) default NULL,
  `ministerio` tinyint(1) default NULL,
  `opcional` tinyint(1) default NULL,
  `formula` varchar(100) default NULL,
  `seimprime` tinyint(1) default NULL,
  `orden` int(11) default NULL,
  PRIMARY KEY  (`codigomap`),
  KEY `R8_FK` (`materia`),
  KEY `RELATIONSHIP_11_FK` (`curso`),
  KEY `RELATIONSHIP_25_FK` (`empleado`),
  KEY `RELATIONSHIP_36_FK` (`periodo`),
  KEY `FK61D2A104EFE25B6C` (`materia`),
  KEY `FK61D2A104BD19D3D7` (`curso`),
  KEY `FK61D2A10478819F6F` (`empleado`),
  KEY `FK61D2A104A274C238` (`periodo`),
  CONSTRAINT `FK61D2A10478819F6F` FOREIGN KEY (`empleado`) REFERENCES `empleados` (`codigoemp`),
  CONSTRAINT `FK61D2A104A274C238` FOREIGN KEY (`periodo`) REFERENCES `periodo` (`codigoper`),
  CONSTRAINT `FK61D2A104BD19D3D7` FOREIGN KEY (`curso`) REFERENCES `cursos` (`codigocur`),
  CONSTRAINT `FK61D2A104EFE25B6C` FOREIGN KEY (`materia`) REFERENCES `global` (`codigo`),
  CONSTRAINT `FK_cursomatp` FOREIGN KEY (`curso`) REFERENCES `cursos` (`codigocur`),
  CONSTRAINT `FK_empleadomat` FOREIGN KEY (`empleado`) REFERENCES `empleados` (`codigoemp`),
  CONSTRAINT `FK_materia` FOREIGN KEY (`materia`) REFERENCES `global` (`codigo`),
  CONSTRAINT `FK_periodomap` FOREIGN KEY (`periodo`) REFERENCES `periodo` (`codigoper`)
) ENGINE=InnoDB DEFAULT CHARSET=latin1;

--
-- Dumping data for table `materia_profesor`
--

/*!40000 ALTER TABLE `materia_profesor` DISABLE KEYS */;
INSERT INTO `materia_profesor` (`codigomap`,`empleado`,`materia`,`curso`,`periodo`,`cuantitativa`,`ministerio`,`opcional`,`formula`,`seimprime`,`orden`) VALUES 
 (1,2,18,1,NULL,1,1,1,'',1,1),
 (4,1,17,1,1,1,1,1,'',1,2),
 (5,2,17,2,1,1,1,0,'',1,1),
 (6,2,18,2,1,1,1,0,'',1,1),
 (7,2,8,3,1,1,1,0,'',1,1),
 (8,3,17,3,1,1,1,0,'',1,1),
 (9,3,24,2,1,1,1,0,'',1,1),
 (10,1,8,1,NULL,1,1,1,'',1,5),
 (13,1,24,1,1,1,1,1,'(MA18 + MA17)/2',1,13),
 (14,1,26,1,NULL,0,1,0,'',1,4),
 (15,1,27,1,NULL,0,0,1,'',1,10),
 (16,3,8,4,NULL,1,1,0,'',1,1),
 (17,6,30,17,NULL,0,0,0,'',0,NULL),
 (18,6,30,4,NULL,0,0,0,'',0,1),
 (19,4,0,1,NULL,1,1,1,'',1,100);
/*!40000 ALTER TABLE `materia_profesor` ENABLE KEYS */;


--
-- Definition of table `materiasgrado`
--

DROP TABLE IF EXISTS `materiasgrado`;
CREATE TABLE `materiasgrado` (
  `codigo` int(11) NOT NULL,
  `curso` int(11) default NULL,
  `profesor` int(11) default NULL,
  `profesor2` int(11) default NULL,
  `fechainicio` date default NULL,
  `fechafin` date default NULL,
  `notaini` double(8,4) default NULL,
  `notafin` double(8,4) default NULL,
  `nombre` varchar(100) default NULL,
  `abreviatura` varchar(50) default NULL,
  `formula` varchar(50) default NULL,
  `espromedio` tinyint(1) default NULL,
  `columna` varchar(30) default NULL,
  PRIMARY KEY  (`codigo`),
  KEY `FK_gprofesor` (`profesor`),
  KEY `FK_gra_profe2` (`profesor2`),
  KEY `FK_gra_materias` (`curso`),
  CONSTRAINT `FK_materiasgradoCurso` FOREIGN KEY (`curso`) REFERENCES `cursos` (`codigocur`),
  CONSTRAINT `FK_materiasgradoEmpleados2` FOREIGN KEY (`profesor2`) REFERENCES `empleados` (`codigoemp`),
  CONSTRAINT `FK_materiasgradoProfesor` FOREIGN KEY (`profesor`) REFERENCES `empleados` (`codigoemp`)
) ENGINE=InnoDB DEFAULT CHARSET=latin1;

--
-- Dumping data for table `materiasgrado`
--

/*!40000 ALTER TABLE `materiasgrado` DISABLE KEYS */;
INSERT INTO `materiasgrado` (`codigo`,`curso`,`profesor`,`profesor2`,`fechainicio`,`fechafin`,`notaini`,`notafin`,`nombre`,`abreviatura`,`formula`,`espromedio`,`columna`) VALUES 
 (1,19,6,6,NULL,NULL,NULL,NULL,'CATEDRA DE FISICA','CAT','',0,'nota1'),
 (2,19,6,6,NULL,NULL,NULL,NULL,'GEOMETRIA','GEOMETRIA','',0,'nota2'),
 (3,17,6,6,NULL,NULL,NULL,NULL,'SOCIALES','SOC','',0,'nota1'),
 (4,17,6,6,NULL,NULL,NULL,NULL,'REDACCION','REDACCION','',0,'nota2'),
 (5,19,6,6,NULL,NULL,NULL,NULL,'PROMEDIO','PROM','(nota1() + nota2())/2',1,'nota3'),
 (6,17,6,6,NULL,NULL,NULL,NULL,'PROMEDIO','PROM','(nota1() + nota2() )/2',1,'nota3');
/*!40000 ALTER TABLE `materiasgrado` ENABLE KEYS */;


--
-- Definition of table `matriculas`
--

DROP TABLE IF EXISTS `matriculas`;
CREATE TABLE `matriculas` (
  `codigomat` int(11) NOT NULL,
  `numero` int(6) unsigned zerofill default NULL,
  `estudiante` int(11) NOT NULL,
  `curso` int(11) default NULL,
  `observacion` varchar(50) default NULL,
  `institucion` varchar(60) default NULL,
  `estado` varchar(15) default NULL,
  `foto` blob,
  `fechamat` date default NULL,
  `fecharet` date default NULL,
  `fechains` date default NULL,
  `beca` double(10,2) default NULL,
  `otros` double(10,2) default NULL,
  `jornada` varchar(2) default NULL,
  PRIMARY KEY  (`codigomat`),
  KEY `FK_matriculas` (`estudiante`),
  KEY `FK_cursosss` (`curso`),
  KEY `FK8A98B2B5BD19D3D7` (`curso`),
  KEY `FK8A98B2B5DCD4494F` (`estudiante`),
  CONSTRAINT `FK8A98B2B5BD19D3D7` FOREIGN KEY (`curso`) REFERENCES `cursos` (`codigocur`),
  CONSTRAINT `FK8A98B2B5DCD4494F` FOREIGN KEY (`estudiante`) REFERENCES `estudiantes` (`codigoest`),
  CONSTRAINT `FK_cursosss` FOREIGN KEY (`curso`) REFERENCES `cursos` (`codigocur`),
  CONSTRAINT `FK_matriculas` FOREIGN KEY (`estudiante`) REFERENCES `estudiantes` (`codigoest`)
) ENGINE=InnoDB DEFAULT CHARSET=latin1;

--
-- Dumping data for table `matriculas`
--

/*!40000 ALTER TABLE `matriculas` DISABLE KEYS */;
INSERT INTO `matriculas` (`codigomat`,`numero`,`estudiante`,`curso`,`observacion`,`institucion`,`estado`,`foto`,`fechamat`,`fecharet`,`fechains`,`beca`,`otros`,`jornada`) VALUES 
 (1,000001,1,1,'hola','mismo','Matriculado',NULL,'2008-08-31',NULL,NULL,2.00,0.00,NULL),
 (2,000014,4,2,'',NULL,'Matriculado',0x47494638396137004A00B30000000000CCCCCC6A6A6A202020999999FFFFFFAFAFAF3F3F3FF2F2F27D7D7D0F0F0F8F8F8FBFBFBFD9D9D95050502F2F2F21F904041400FF002C0000000037004A000004FFB0C849ABBD38EBCDBBFF60288E64699E68AAAE6CEBBE676310B4D1C09E5CEFC48D673A9AE0A100281E02DFAF124C0C8C50E3C0B0ACD49CD1AC825195CC08586D56890B3EC5D947F52B408B09CB5AD1ADFDE9DA746D00C7A01DF25A027C347380506A30340B867589608C638E7890465C2F429450962E3393949B2D7D9E90A02C3A99463F849903AA044494826504A38054AE8580AD6B0E900B5D0D8B8688C009867BC09874705D05017E676203B25D8A86085D7D04BDB66BD68CD883AB8CBB2D4160D1E43D2301DA8AEF0B43A88702F00CC817EEB47FF3AC07494CDED5EAC70AA0B377FC082A047060CFBB740B090E78362E62C429DB2C6A04402B62BD7B617D08BE5A886FC2405F24312444B5922585755E242A4C603255CC8D94A62D60F0C4C104063825862BC02D28ABA1048CCE43AAD4E5CDA6B126B484AAEB80D55C540109B8C733AB2FA9172DD2943095A558B00B8D79CD3472ADAF936EDF648C6BAB225D69C1ECDE3D842D48D9B83E2950844B750A863B07202A1DE0E0D68408003B,'2008-09-05',NULL,NULL,NULL,NULL,NULL),
 (3,000015,2,1,'hhhhhhh',NULL,'Matriculado',NULL,'2008-08-31',NULL,NULL,NULL,NULL,NULL),
 (4,000016,5,1,'observa',NULL,'Matriculado',0xFFD8FFE000104A46494600010101006000600000FFDB004300080606070605080707070909080A0C140D0C0B0B0C1912130F141D1A1F1E1D1A1C1C20242E2720222C231C1C2837292C30313434341F27393D38323C2E333432FFDB0043010909090C0B0C180D0D1832211C213232323232323232323232323232323232323232323232323232323232323232323232323232323232323232323232323232FFC000110800ED00AA03012200021101031101FFC4001F0000010501010101010100000000000000000102030405060708090A0BFFC400B5100002010303020403050504040000017D01020300041105122131410613516107227114328191A1082342B1C11552D1F02433627282090A161718191A25262728292A3435363738393A434445464748494A535455565758595A636465666768696A737475767778797A838485868788898A92939495969798999AA2A3A4A5A6A7A8A9AAB2B3B4B5B6B7B8B9BAC2C3C4C5C6C7C8C9CAD2D3D4D5D6D7D8D9DAE1E2E3E4E5E6E7E8E9EAF1F2F3F4F5F6F7F8F9FAFFC4001F0100030101010101010101010000000000000102030405060708090A0BFFC400B51100020102040403040705040400010277000102031104052131061241510761711322328108144291A1B1C109233352F0156272D10A162434E125F11718191A262728292A35363738393A434445464748494A535455565758595A636465666768696A737475767778797A82838485868788898A92939495969798999AA2A3A4A5A6A7A8A9AAB2B3B4B5B6B7B8B9BAC2C3C4C5C6C7C8C9CAD2D3D4D5D6D7D8D9DAE2E3E4E5E6E7E8E9EAF2F3F4F5F6F7F8F9FAFFDA000C03010002110311003F00F66F131234C420E3F7A3F91AE45A4EC2BACF147FC82E3FFAEC3F91AE3CFDEE0D672DCEAA5F0885CD30BE0D0C4815193CF6A93524F339EB4864EF9A8D8E3A5318922900E690E79A88B9A6B12066A22E4D1601ECEDEA6903364734C2FC50B8CE68604A59B8C1A6F9AC33F3521614DDA3AF5A010E49981FBD5279EF8C6E3F9D56C52F39A4D0D32C09DBFBC68370FD98E3EB502E79A3902A5A2D489DAE5F1FEB1FF3A8FED730E92BFF00DF46A324E2A12DCF34AC3E62EADF4E07FAE93FEFB34EFED0BAC822E661F490FF008D506385EA694376A5663E6468AEAB7CA4017973F84AD5646B9A8818FB74FF00F7F0D636FE69FB853D41B8BE87A478A8E34D8BFEBB0FFD04D716CFCD761E2F7DBA741EF2FF00435C3339C9EB8AE86B538E9BB449BCCCF4A3393D2A20492319A900E2A1A354C189DD51B719E7F0A7E41CFB5723E38F113695A5490D9B817728C03D7629EA7EBE9F876CD28A7276453924AECB9A878BF43D3E76867BE5F3978648D59C83EF8040FC6B3A7F1C6991C1E708AECC7D03F95C67F3AF30B3864D4AF13ED17318623006E19C0ED81D3F2A76AB1DADB36D8E170E0FFACF3F7F3E98C020D75AA115B9CAEBCBA1BB37C40D4FED8CCAF1180B1FDD2C78DA3B0DC7249F7C7E1DAB43FE1604D3C2624686D25001F3083267D401D07D79FA57076AF6ED2133B32B1E8D8CFE74926C05981CE4F040C0AB74A16D8CBDACBB9D92F8DF50B575712FDA064865738561F4EDF9D745A5F8CE37B512EA171A7A96C9D91CE15D47BAB1E7F3CFB1E2BCB8496D1A8F3A2925CFF764D98FD0D235EF94A4451222B0F947523DF3DCD54E8C18A15A563DB5B5FB0FB2A5C452F9A1CE2348C6E690E71851DF9E3D0739C62ADD8EA11EA1019224910A394749176B230EA08FC45784586AD756526639A48FAED64EAA48C123D09000CF1C0AECBC37E35874B90595E6648DE42D25C890B024FF0010C8DDE99C927A9F6AE7950B2D0E88574DEA7A87500D21A82CEFADEFED96E2DA41246DDC7047D4763539E6B99A3A2E37B54257D6A539148474A43B911539A7018152638A5DB91C0A6222C7352EC3EB4813F3A98038A09BB3BAF191C595B0F590FF002AE2891939E2BB2F1A3016D680FF007DBF95718ED5D1639E2F4154807AD3F23B9AAE1BE948D2003AE3DEA1C59A2919FE25D723D174792E7AB921117B927B8F5C0C9AF14D53546D4EFE4964762643CB48C4E2B7BC717135F6AA6552DB5310AA161DC6EC81D79EBF90FAF3B1695701524906031185C1271EA7DABA2943963732A9272764115E4D03A0F390843F2B344AFB7DC64536FAEC2B9585A6757397799F7173F4038FD7EB5764D2CC892987264898715341E1DD42EA1590DB1646E32BD41AB734B764AA537B2312DA38A698ACA0AE54ED2BEBDA9A54168D141C67E6FAD7629E0EBA7B7124719322FCA46318ACDB8D167B2025F2486FBAB919FA9A95562CA7869A473D721F7850A40ED40BA9C42D11DBB0FF00B209FCFB5684BF6E11080CB3085B9F2F71DA7F0E954658B68DB83B87AD6B295DE873A834B52025B804E476CD39555655F34305EFB7AE3DA82A0FDD04E3BD58B24825731CCDB14F461DA9203AFF000178822B2BDB8B6BDBD290C88A23695B014827039E99DC7F2F7AF4FB7BA8674F9254723AED20D7CF515C3D9DC896260248DBE56FA77AED34AF11DA41736BA8080DB4CCDB6758176C72212371C74C8EB91CF15854A7CCEE8E8A552CAC7AA9618E3A5209071CD405F299078C706A3F300F4AE6E53A398B9B867D6824FF00F5AAAACA3A93F4A76F3D68B07316565CE01E2A7F33E9540B8DB4F05B1D6A9449723BEF1C36D82CFF00DE7FE42B8A7704576BE374DF1D973CE5FF00F65AE29A20060E6B75B1CEAF6222FEF591AF6B3168FA5CB752E1B036A2138DEE7A2FF5FA035A6E98EE6BCF3E25AB03A60DE767EF495CF19F94038FCFF5AA49315D9C525D49717FF68B872CEEE5DCE31924E4D769E1ED0EF75EBF89576C56CB82DD4B11EFE99AE474AB47BABC50172179AFA03C23A62E9DA3C79502593E66207F9FA56588ABC8AC8EBC2D3E6776675B785ADAC35058AE10085CFC9381C1FF0065BD0FF3AE920D0B4EB375DAAA1DB8519009FA0EF5AF1DB2CC9890654F041EF52DB68F636A77C16B0C6DEAA801FCEB9629CB53ADB51D0A1FD9701271105C8C1E2A8DEF86ED2E632A635CFF007B1CD746D181D3B54330F97834DAB0948E3E6F05E9B2C0639AD63789BAA32F7AE2B59F86B6A3735936DFF65C93FAE6BD6D8F63C8ACFBB84E09C706B37524B54CD1462FE247CEDA9F85EFB4D2C0A0207A739AE7CAB2391B48C7B57BE6AF651CA1B781D3A9AF2FF11E97E5996581418BBB81C7E06BA68625C9F2C8E5C4E1236E681C61C13572CE68E3E2550EBFDD3D0D542B86A519CF1D057623CCD8F69F0CEA125FF87ADDE524CD10F2A5DCD93950393F5041FC6B48B9CE36E6B9DF09C4F6FE1C59598334EED21E73CFDDFF00D97F5AD65B87DB838AC650D743753D0B7E795E0003DE8128EACD54CC993834C77C77A1404E6CD0326EE47356431C0ACA8A424D69AE768E074F5A1AB094AE7A4F8CC6E5B31FEFFF00ECB5C8B21AEC7C5C326D47B39FE55CB14C8A572A2AE8CC96126BC93E20CA1FC4A220C710C088C3D1892DFC9857B33A7B57817882592E7C51A9C931C9FB548BF82B1503F202AE0EE12563A1F05DA19EEE2458F00B0DC715EEB670848D1318005797FC36B02CFE691F227CC78EFE9FA57AAABAA60138AE0C44B9A7647A5415A05F8F2054DB98AF4A4B774640C7038E2A7124639E315708BB132656DD8EA2A19007E9565D1646C83D6A00AA24279A248A4D1526560B806B32E64619C8AD99640CDB4638ACDBA45627A64F6AC251D343683EE73F76A9203900FD6B95D7ACBED769246A39C57577E86339038AC6948248ACE2DA66AD5D1E21A85B1B6BA923239535541E7A574FE2FB510EA4E76EDDC72315CBE79C57B309734533C0AF0E49B47B0680547866C02A81FB85CFFBDDFF001CE6A432907041FC2A9785E532F852CD9860E1C7031FC6D5738CE687B916D0786C9EF48E5B34E0C06052923EB473072842086E4D6BC6098D7E82B215866B5A13FB88F9FE11FCA87A89687A9F8A0032DB0FF65BFA5734EB8AE9BC4DFEBA01FEC9FE75CE3824D7337A9D74D7BA8AAC9935F3E78814A78B35252B8FF4B90E3EAC4D7D0ECBD6BCAFC59E0FBB8751B8D6F6A1B57B9C60C9F31DDD0E3D339FE7554E694ACCA9C1B5A1D7F802331682243F799CF3FCBF4AEB6DADE5994C8D8C92701AB9FF0003C626D1C0038F348E0FD2BAABC49A1B76587EF638C715C751DA7267753D6090D7B7494F9735ECA241C88E1193F90AC7916F2D25616BAAC9BB3811DCA7F88A81B42BDD474E9D5AEE54BA0C1E28C6E58F00F4383F313DF355B44F0BDF58C33ADFDD4AF70ED944192839E7E5C9C0EDD69B6DC6E52B2958E9F4BB9B969089DC30039C0C53F50BAF218B06E31922A2820FB304007CC17049F5AA5ACB37D9DB27822B2726A3A96A09C8C19F5FBF9AED96C53710703BE69D65078999DA69CDBBAB9DC479C063E800AC9D11A45D57ECCD12334ADC49313E5C633D481F78FB702A7D7F53F11586B29A745636D2448C7327900295E36ED00E73D73D7B56904ED7226D5EC5FBC799919664647EDDC573CF7389B0783DC568C1AC4CF706CEEA16497A10C4B0FC09EA3D8D53D42CC993CC45C715126B6292EA8E2BC6910787CDEB8FD2B82C7CD5DF78C1F659229EAED8AE0CA932600EBD2BBF0D7E43CCC7DBDA2F43D43C30DB3C2966BFEFF23FDF6ABCCDEF599A1C6D67E1EB585F1BB696E0F50CC587E8454AD31CF5AD9ABB6732D9177CC03A9A04E01233543CE38EB4CF3727147285CD58A650F9C06FAD6F5B806DA2383CA0FE55C942E03006BB4B28C1B0B73EB12FF214D10CF4CF12737308EFB3FAD73EC39ADFF11F37717FD73FEA6B098735C92DCEDA7F0A21209E9C573FE31B05FEC77BC099923087767AE5B6FE9FD6BA4C54C6D20D434CBAB3B8E51D300FA64F5FCF150D6CCE8A72DD77D0C4F025B1B6D0919930598B8F7CF39AEBA31BCFCDCD65687672D8DA2DACC4168F0A08390476C7E15BD180A0702A12E691A4BDD561CA88ABF76ABCA8880955C13DEAD1C9E82ABDD0223E3A9E056B25A686717A99E705F1DBDEB0FC44FB62C60FBE2BA2820567F9D863D4D61F88ADA36462AC0608C7BD72CE2F92E75D392E6B1CDE9E36DEA4ABC30FD6BA992C05C207538E3B572907FA3DDA090E012315DA5B31118FA528EBA31CF4D51873E8D0AB076E5874CF6AA974D08859768DC07A56FDDB23F19C1AE6B544540483F5A4D598D6AB53CABC72FF00E976F176E5BFCFE7593A468697B3C4D3CAC88E485DA3935B5E2B8D2E350814BE093B7E809ADCB2D392DE0B0F2DC48910932DDF9E47F5AEC8D471A5151DCE495153AD294D6897E84B30254E6B3DC1AD49C8DBEF541979ADD48E0702B9E05340EF5295E79A6B002AD488E5248B3BD6BD174D873A5DA1F5853FF4115E7700F9D6BD4F48873A3589C1E6DE3FFD0453B91289D8788B1F6D8F3DA31FCCD61B77AD9F1113FDA09E9E50C7E66B1C8E2B99EE7553F8511D4F68DFBEDA4643704540D491C8637565EA0E6A1A358BB3B9B4D12C77436125596AD0E074ACE8AF96E6E523556CAA9393F855F2D85A85A366AC98CAA8067A9ACED4A412C4515B0D5683663C10339CE6A9CD10DE5D9BAD549B6874D24EE61DA583E9114D3477B7B73E69C94B8977053EDC715CBF88A5D6AF13F77BAD114E77940D9FE95DCDCBC4D098B72E739ACBD5268A7548C11803E618AC2699D90F4DCE42D96E6E562460CEE072E46326BBBB4568AD115DB2C0726B2ED6189400AA33EA2B4D642A9B49E6A224CF5562ADD9C127233D6B9DD565CC46B76F1B2849C66B98D5DBE4DA29091C85F592DCCB232C2D2CEE00423A273CD6969D03DB69EB1CA0872727DAACD948A1DD4004E39A9241C56B4F564D59354EDDCA3366AAB100FAD5D9FA74ACF91B935D51679ED0C7233C537AD34927A5393DEAF620B1028DE315EBBA2C44E85A79C7FCBB47FF00A08AF23B61F38FAD7B56870E7C3FA69CFF00CBAC5FFA00A7133A9A177C447FE26207A463F99AC763C56B78848FED33FF005CD7FAD6331159BDCDA1F0A1A5E985B3431514D2F52593D8BECBE427BF15BDBB7015CD072A415E187435B36D742440DD3D8D672DCD61AA2D4AEE887CB00B9E99AC4BDB7D4A6015AE638D49E4A2139FCCD6C6FCF5A8A4F9C63B54BB336A6F95986DA45E152C6FB207FD321FE359575A35DAF3FDA3804F2047FF00D7AE82E6D667E16491547A1AA6F6854732C99F7359CA4BB1D51A8FBFE0622477D692A88A44953D5B2BFE35D048C5A147C61B1CD531085CE7F335219C088AE474A952225A94AEA70EDB3BD73BAC3F5391802AF4F71B6E1DB35C878BF5536DA73F967F78FF002A9CF4CD38AE69591126A29B61E1F59AE6EAEAF1D8B5B3B6D8C67A118FE75B32553F0CC6B1F86ACC2A800AB371DF2C4E7F1E0D5E939AE9764EC8E3E6725765198641ACD954F5AD771F2106A84A80B648AA8B33922877C52F20F5A919306A2380DC56BB99EC5A849DC08AF79D063FF8A774CFFAF48BFF004015E070B735F4368698F0FE9BC7FCBAC5FF00A00AA4655199FE236C6AAC3FD85AC367AD8F11AEED59F9FE15FE558AD10F5AC99B47E14319F9A8CC943200786A66D1DE828903FBD6844CC2D9244EA0723D6B92F12EBD0681A5B5C39DD33FCB0C79FBCDFE03BD6E7852EE5BFF000AE9F773B6E966843B9F526B2AD17CB736A32F7AC6F59DD4770300F3D083D455D50B9AE75EDE45937C44AB839C8A9535A48F0971FBB93DF806B08CEDB9D1283E86F4ECA17DEB3AEB6E3381548EB56EF2604C9F9D54BCD6ADC29024527D8D5CEA2685183413103926B1EF3508A104753E99AA1A9EBAA232B1919F5F4AE52E2FDE790FCF5CF63A2299AB757E09C21CB1ED58B7BA61D5AEADE190129BB73B2F51E9FCFF004AB36E0633DCD606BBAC4FA5EB56535AC98640772E7861C641F63FFEAE715D187579AB186224A34DB3D0551638951142AA8C003A0A825A7C37115E5A437309CC52A0910FB119A631EC456ACE64F42B373D6AB48B9AB6FC55775F968426519571D2AB38ABAE3A8C55764F6AD62CCA486C43F957D23A3A6343D3C7A5B47FFA08AF9CE34EA7D8D7D27A6A85D2ACD46702041FF8E8AD11CF50E57C4B36DD6A65CF40BFC8561C97000E4D5BF16CBB7C437233D027FE822B9A96E02A966700019249E051C971AA96468B5C8F5A8A4BC5442CCC0281924F615C06A5E3E8E2BA682CA013AAF06566DA09F618E9EF5CF5EF8B755BE8DE1795638D9487545C020F51EB5A2A0EC275B52BF8AB5F975CD54CB961029DB0A1FE15FF0013D4FF00F5ABDC7C0C31E0CD207FD3AA1FD2BE6F76DD2E7DEBE8DF01CCB2F83F4BC1FBB6C8A7EA060FF2AC714BDD5636C2CAF36D9BAEDE5C9ED45C5ADB5DC389114FD69F3A646EA8B636DF96BCFB7467A49F54737A8787E35CB42EC07F773D2B9F9F4E9A3382EE47B9AEEDE2663839AA3736991823F3AC9C3B1B2A8FA9C0DD5948F80A6AB0D3083920D77C34742B92BCD55B8D29501C0AAD58B9CE3A522D612CDD0579BEB374D77A9492B76E00F415E8FE2A64D3F4F92593A93B517D58FF00927F0AF2A95CBB96273939AEFC2434723CDC6D4D140F46F02EB2D7765269D3365E01BA3C9E4A6791F8123FEFAC76AE9E4EB5E4BE1CD5868FABC572E098882926064ED3D71FA1FC3DEBD42D353B2D4A0F3AD2E1254EF8E08FA83C8AD2B41DF991951A89C6CF7256F7ED51311D314F639CD3383D6B0372175CF6A84A1AB2DCF22A33D6A9325A2255DA4F1D8D7D2564B8B1B71E9128FD2BE764C1CF1D8D7D1B6E316D10F441FCAB58B39AB2D8F17F88BE2BB2D33C4F7B6E019AE5768280E02FCA3A9AF26D6FC557F7E8D0B48B1C4DD5231807EA7AFF004ADEF8AD2AA7C40D6091CF98B8FF00BE16BCF46E91B26BB2114A299CB26CB16B932E4D3DD8665DBD071525B4616277E9815020CC5396EE6B4E808A8DC57B4FC2BD602E99169F704AAC859ADDCF46393B97EB9E7F1AF1761EF5EB1F0D20B7D5741B8D3A72CAF14BE6C4EA70C871F787E39AE4AF6E5D4EAC3DF9B43D7986E4A80300306B1ED758BBD2905B6BB1318C7097F12651BD3701CA9AD65922B88C4904B1CA84643230208AE0942DA9E8C677D0247454C93CD53553713600F9477A966D8A3323AAA8F520567C9E26D0EC7E56BF89DFB2439918FE0B9A9507229CD456E6C346123E98FA562EA334504324D34891C4832CEE70147B9AAD73AEEA7A8467FB2F4F6863EA6EAFBE4455EE40EA6BC8BC6BAEFF00696A4365FBDDC30A850C1764658752AB9FD7BF6E315B53A1CEEC613AEA11B94BC69AF0D5F556581F36B0E562E31BBD5BF123F202B932726A491CBB127AD475DCA2A2B951E64E6E727262F5AD3D23509B4BB913C4707B83D08F4359F1AE4E4F4AB1B831C0E95A456845F53D1B4EF11596A4C2356F2A7233E5B77FA1EF5AA0579142E629F209CAF4C1AEBB49F1298A155BC6CC60ED0C4F23FC6B9E787D2F13A69E23A48EB8F4A6707B54705DC37716F8255917D54D4840C57359A7A9D49A6AE89100CE31D6BE8E4188D47A015F39C43240C7522BE8D1C0C569039EB743E47F8A4ED3FC49D6C67E559C0FFC716B9445C0C0AEC3E24463FE1606B8C3BDCFFECA2B9254CB62BBE0B4471BDC94B6DB5FA9AA77292491EE44628BF7881C0FAD5FBD8FCA8224E7A66A911B90A93C554B5D00853E64078247515E8DF0BEEC45A980A4007E571F5E9FD6BCDE326297691D78C5753E0EBA165E23B639C46E76B7B7A1FCF03F1AE6AD1BC19D18695A68FA4602A613BC023B8358B7DA0E977D2473BC212355F290465936E4961D3800E4FE26B4ACA54B8B5054FDE155EE6DAF2EDE2B68E058E1F315E494B0E40E40007F5F4AE3D3934DCEFD79EDD0A31F82B460C19EC849FF005D18B56BC3A658D8A016D690447A02A801FCEB458A8F9476AE27E22F8A87873422B138FB65D131C43232A31F3363DBA7D48AA50BBB0A53B2BB3CC7E2678D2E353BF9B48B298A69F0B6C9369C79EC0F24FB03D07E3E95E765D997AF029F72E6472C7926A16F9542D76F2A82B23CB7373F798DEF4E0053453C0C5095C4D8EDDC633C53B77CA38031FAD348E2954E08E05684934413EFB82DC8E03853F5E873F855BBF5685E38BE6F2422B2E5701B23961EA33919EF8EDD0537994AE56DE2539E0FCC71F993FAD026320F9BF20303F2ED496E32582F2E2C66596DE565FA1AEBB49F14C576561BB22294F46FE127FA571AA7208A8D8146CD29C14B72A151C1E87B05A9CC91F3D587F3AFA3EBE37F0CEBB736D7B6B03FEFA032A2EC3D572C0706BEC5F353FBC3F3AE674DC19ACAA29D8F93FE2365BC77AD107FE5E4FF00215CBC4A370CF5AE93C74A7FE138D6867FE5EDFF009D738A70E2BBA1F0A39DEE4D7F9C28EBC567918357EE30704D517CEFA6D00F8EC5AE966911D10C11994EF246E03A81EFE9F43459DDAC17504DD591C311F434CC9DA704F3516CE391512452763E86F05EB0972821570CA46410735DCA21DB9C57C9FA3EA575A3EA115DD9DCBC32C67208E41F623A11ED5F4AF83FC4917897455BA45D92A9DB2267A1FF000F4AE2747911E846B7B4D6C5AF106A0345D02FF5229BCDB40D205F520703F3AF96356D5B50D6B517BDD42779E773CB31E07B01D87B0AFA9BC4FA79D53C35A958AE37CD6EEAB9FEF6323F515F2CBA80DC8C7D6B5A296A61896EC8A4F11383D291ED275412BC6CA87A1356266000E40F6A74BA93C96BF67D839017713D87418AE8697538E2DD8A491E7934E71CD4FF0028503A1F5A8587CD4AD61DEE467AD28E39A31CD3B0314008BCF14270D4038E697A90680240BCE69E50BAE7D29106F2AA485C9EA7A0A97011B1B81E7B77AA11A5E1D84B6B363C7FCBCC5FFA18AFB448E6BE38F0CA93E20D380C1CDD45C1FF007C57D8E739358D7E85C0F91FC68FE678C3587E79BC979CFF00B44573CA0990019AED3C63A4AA78A3543E6F06EA46FBBD32C4FAD73E9A7AAC8A779FCAB584972A13452BA5DB851D71D2A995E724735B377669E76371E9559ED9026DEF9CEEEFF4AABA033B07D38A601C907A1AD43689E503939AAF340A1873D28158AC13807D2BD3BE106AFF0065D7DEC1D8F97768401DB78E47E99FC8579F47029CE4D6BF85C9B1F11D8DCC47E78E7461F9F3FA647E351349C4D29C9A91F4CB2F4AF9275D096FAE5F4280048EE644500760C40AFABB57BC361A35D5EA2066861690293D4815F23DC079AE9E495CBC8CC599B1D493C9AC29E9736AEFDD2A3EE76CE0D48D06D547E307A5591000339A5DB95D99F9472057458E48EA882543C7D2A3217CB5C29DF93939E31DB8FCFF004E98E6D4880F24F6A8B601431D8AFB69DB78A9950734A10500562B83ED4A00C62AC1414DD82900C1F74629EA4E294A0CD2A8C1E0F34D3158DFF09AEEF14694149FF8FC8739FF00AE8B5F629EA6BE40F05441FC57A5924F1770B7E4E0D7D818CF358D7DD1503FFFD9,'2008-09-05',NULL,NULL,NULL,NULL,NULL),
 (5,000017,9,1,'xcxcx',NULL,'Matriculado',0x47494638396137004A00B30000000000CCCCCC6A6A6A202020999999FFFFFFAFAFAF3F3F3FF2F2F27D7D7D0F0F0F8F8F8FBFBFBFD9D9D95050502F2F2F21F904041400FF002C0000000037004A000004FFB0C849ABBD38EBCDBBFF60288E64699E68AAAE6CEBBE676310B4D1C09E5CEFC48D673A9AE0A100281E02DFAF124C0C8C50E3C0B0ACD49CD1AC825195CC08586D56890B3EC5D947F52B408B09CB5AD1ADFDE9DA746D00C7A01DF25A027C347380506A30340B867589608C638E7890465C2F429450962E3393949B2D7D9E90A02C3A99463F849903AA044494826504A38054AE8580AD6B0E900B5D0D8B8688C009867BC09874705D05017E676203B25D8A86085D7D04BDB66BD68CD883AB8CBB2D4160D1E43D2301DA8AEF0B43A88702F00CC817EEB47FF3AC07494CDED5EAC70AA0B377FC082A047060CFBB740B090E78362E62C429DB2C6A04402B62BD7B617D08BE5A886FC2405F24312444B5922585755E242A4C603255CC8D94A62D60F0C4C104063825862BC02D28ABA1048CCE43AAD4E5CDA6B126B484AAEB80D55C540109B8C733AB2FA9172DD2943095A558B00B8D79CD3472ADAF936EDF648C6BAB225D69C1ECDE3D842D48D9B83E2950844B750A863B07202A1DE0E0D68408003B,'2008-12-08',NULL,NULL,NULL,NULL,NULL),
 (6,000018,8,2,'obser',NULL,'Matriculado',NULL,'2008-12-08',NULL,NULL,NULL,NULL,NULL),
 (7,000019,10,4,'',NULL,'Matriculado',NULL,'2008-12-08',NULL,NULL,NULL,NULL,NULL),
 (8,000020,11,1,'dsds',NULL,'Inscrito',NULL,'2008-12-02',NULL,NULL,NULL,NULL,NULL),
 (9,000021,12,1,NULL,NULL,'Retirado',NULL,'2008-12-02','2009-01-21',NULL,NULL,NULL,NULL),
 (10,000022,14,1,NULL,NULL,'Matriculado',NULL,'2008-12-02',NULL,NULL,NULL,NULL,NULL),
 (11,000023,4,1,NULL,NULL,'Matriculado',NULL,'2008-12-02',NULL,NULL,NULL,NULL,NULL),
 (12,000024,5,2,NULL,NULL,'Matriculado',NULL,'2008-12-02',NULL,NULL,NULL,NULL,NULL),
 (13,000025,9,2,NULL,NULL,'Matriculado',NULL,'2008-12-02',NULL,NULL,NULL,NULL,NULL),
 (14,000026,8,1,NULL,NULL,'Matriculado',NULL,'2008-12-02',NULL,NULL,NULL,NULL,NULL),
 (15,000027,10,2,NULL,NULL,'Matriculado',NULL,'2008-12-02',NULL,NULL,NULL,NULL,NULL),
 (16,000028,13,1,'',NULL,'Matriculado',0x47494638396137004A00B30000000000CCCCCC6A6A6A202020999999FFFFFFAFAFAF3F3F3FF2F2F27D7D7D0F0F0F8F8F8FBFBFBFD9D9D95050502F2F2F21F904041400FF002C0000000037004A000004FFB0C849ABBD38EBCDBBFF60288E64699E68AAAE6CEBBE676310B4D1C09E5CEFC48D673A9AE0A100281E02DFAF124C0C8C50E3C0B0ACD49CD1AC825195CC08586D56890B3EC5D947F52B408B09CB5AD1ADFDE9DA746D00C7A01DF25A027C347380506A30340B867589608C638E7890465C2F429450962E3393949B2D7D9E90A02C3A99463F849903AA044494826504A38054AE8580AD6B0E900B5D0D8B8688C009867BC09874705D05017E676203B25D8A86085D7D04BDB66BD68CD883AB8CBB2D4160D1E43D2301DA8AEF0B43A88702F00CC817EEB47FF3AC07494CDED5EAC70AA0B377FC082A047060CFBB740B090E78362E62C429DB2C6A04402B62BD7B617D08BE5A886FC2405F24312444B5922585755E242A4C603255CC8D94A62D60F0C4C104063825862BC02D28ABA1048CCE43AAD4E5CDA6B126B484AAEB80D55C540109B8C733AB2FA9172DD2943095A558B00B8D79CD3472ADAF936EDF648C6BAB225D69C1ECDE3D842D48D9B83E2950844B750A863B07202A1DE0E0D68408003B,'2000-12-02',NULL,NULL,NULL,NULL,NULL),
 (17,000029,15,1,NULL,NULL,'Matriculado',NULL,'2008-12-02',NULL,NULL,NULL,NULL,NULL),
 (18,000030,16,1,'',NULL,'Matriculado',0xFFD8FFE000104A46494600010101004800480000FFDB00430002020202020202020202020202020203020202020303030303030303040303030303030404040405040404050506060505070707070707070707070707070707FFDB00430102020203030305040405070605060708080808080808070707070707070707070707070707070707070707070707070707070707070707070707070707070707FFC00011080089007003011100021101031101FFC4001E000002030100030101000000000000000007080506090402030A0100FFC4004A100001030204040305050503070D000000010203040511000612210713223132415108142361711533428191095272A1B12473C1253436436282D116353744747576A2B2B3B4F0F1FFC4001C0100020301010101000000000000000000040502030607010008FFC400391100010302050106040503030500000000010002030411051221314151061322326171144281A1153391B1D123C1F0072452436272E1F1FFDA000C03010002110311003F00DFCC7CBE5F84800926C06E49C7CBE5961ED41ED11519AFCEA4D3A58899529CF9434CB4D82ECD90CAAC1E2A5ECBEA174000A53DF73812E64759368626C63D5666CDE235518AB9CC4D487854CC8E630FB8AD6E0F3B152B6FAD860E6C5A58299375E8ACF142A95D4729DA8BA90E6AE621364E90BFBD6EDDB49EE0626D6D97C40D10F69F3DC80875B696E81CD50086EF737EDFAE2D2412AA2D52EC557DDA286D4A4A410A52DBB809173D8ABE58ADE33A9DAE3FCFBAF37E77DBB1930FDE83301A712B7026E8F7817DD3BF887D71300B7CCA2492744C6E4995461129F5C86D38D0A2ADB844957C67876200EC96D23D70348458DD7CCB8D14857EBAD40CCB35CE1E40AE54E0BD10546B410F372905D49D4E24C56136D006FF0010027C89C2EA8A764BE503D51B4F3B9A354C8F0DB8AD06B9468722AFCB9B4D9850D6852347B9BAD2B4A14DAAC6DA15B5956B1F3C259696463BD13364CD727332B65BCA151F73AB407968ACB9BB4998A1EEF214773B6DCB59F91B1F4C0B252870BB3CDFBAAE591EDDFCAAD797C3B06AD9B90EB1EEAA4478E7977B8B87D20DAFF5C652CF6BE7CE2C6C83A819833DD17680A2A7771E587F807E6352BA8F2956E24004936005C938E80972457DABBDA49AC888919132F3BFE575C64BB5F9775254C32FA6ECC6602772A701BACF9276DEE701D548EF28E531A1A7BF8CAC5BE23E7D5E6DA9250F3D212E45F86F2B55DB50F16C0756A3FCB0652C395B98847900942C7D7CD0A7D49E5348050C6B3DFE80F736C101FC05E0B1D6CAA1C8992E5E98AA374AB56A3B2509FC456AF3C599C0172A9EEF55639154618436D2157D22CE3DE771DCA7D6FE58AF5537BEC541BB586DE787356A514A6FA00BA5163DCDB6FD7121A3745107AAF15E647096A34642908797A137DD4A3DB7031E08B35C95F671A591B6855D453F2EFD9932416932964288B92414DAC942483DF0B2A1C33DB857B59C8561C969732ED529B9A696E17E74490398D3CFBF19125949FB92B63A9C16FC2A1F50715F7801B7F815E222426D230A7529DA4C88D0931A157EAEFD55D97098E5B5A6A0901C8B528C90431CA7770E8012AEE77C7AE0246E476E87682C75DA985C819F9980A954D9A52F438AE88558A7A2CE2A1952B4B3353A162CCB9E4B4DAC7B11DB091CC7466E9935F99A987C9B9BC550D7E852672EA2E3513934EACCC536243490B4BADC0A80D9C5A801F09ED3D69D89B8C0389D2FC4C0F7B77B21648F2903D531395D61C426FB2C24123F2C0FD9F1E31D529AC1BAA2F1DB890DF0EF29F392DADFA956532625219438584F3D9679C5E7E4D886DA65375ABF128D929EF8DDC8FC82E85A68BBC7D97CEF714F3F3F36AB539FCF7644FA9CD724BF25D714E296A3DDD5173ABE981E8E2321BB9685F660CA0201092F3EE28BCE94852B538A27D4F651F2B9F2C327B8016B2A7BBFD55A5864A90A75602CDBDDD293E0427B9FD0797EB805F53670B7288EEBA28EAC55BDDD0983150DB617B1E581BFCCDB16C6DF98AAA4BF0AA0A5AD69715DCAD5A2E3F77CF06B080866C45C7DD46AB525050C0D282AEA245D4A389175C58AF7280DB15DF4D69A66534F39752DBEAB9BD81F9606925B8D17AC67D91010FB9514C7496CA821F3A4823576DF6DC1FCF0B25F0F98F09842C251DB2B30DADB8B1C254B5743AD94280BA878B50BE12BE7B6E5346C3708F0F561CCB2D0135C9AED2E4A933512590A0EB1B04B8E32A4EE94FE17136208EE9C4A2AF19EC75BA1E4A1F0DC6965DF038833E1E63835BA5374EA83CD5D2D4575062BD3A02916994FF7C6D2A8F2D0A475A50E03F977C5AE881DB4BA1812058A61F2C57A2C710337E5A128AD2E1437113775A5B37D7F664D493DDA55F45C1B760BB5B03BEF1DC7456583968470F330339822C09EDC75407643039B0D46FA5407C56FA80524A0F911DB1461CC1F121CDD2FC2498843604A07FB76D1D7338035BAE4390D47AC656A845AA53438A20C9E6AFDD644247912EB6E5F7FDDC6B26CB6F11B04161EE226165F36B5EAA2E4D490858538A23C2ABECAEEA1BE0A87CA784E5CEF1D94AD3A32D49696E81AD6E1E43647504A7C6A09FDE27604E02A89C3794C2183BC22CACD25A780621B0873DE1C4DCA157E84137BFD4E011231C4B8945C901690D035557ADC14C71AD62CA686EB3E66DD8609A49B39D364354D1E462ADC6595871005942CA23E446194AFD12F8972E87DE55D2342076FAF6FE78AB3B472BEEEF3FB05638B489095C66943AD641742BCB57853E8301CB52DDCA34513846D44FCB1425260CC9653A0469E1965FEE350F10D384B5D5799C004C29E988692983A3E54A8D15D87548F18CE8CF0066322C1F4EB17D6D036047CB0865A90494E23A136BA254D71553A5BD15D89292F367E138F36A6CA1653B75EE13AC7ADC1C42392CED08BA8CD4FE86C95F62A750C895B77AFDFE8B3259F7FA2A5CE7348524EAE73212A0EC5792774ADB3B1F51B634D0DDEDD5DFA2CECEDB5F44F0F05B39D1666A0D3B39B12D484C88151422EFEA1D1CF8C9D214E7A4860DCF9807144CE70FA28E516BAD0DC83991875D831604092C865F6D6ECA757ADA6C04D8DBBBCB253B6E07CF03D2C79660F66D74BEAE2BB4A86F6DF5454F01AA865B812D7FCA0A59E5136E7A838BB343FAFE587F8A1B41F50956102F503D8AF9AFCD4196B3334E809534249D63748F17736C1345266888F44F65678C1569A34A8A87532A4A792C30936F5EA55FA47723096AF33985A139A0B3082E5342B74D64CDA83CC4C5F3BA23BA964DB963CEEA3B13E585E6079CAC691EBAA66C96304C841432AF57C540F2A2B2F695AAC56E5BF2031A4A283BAD49D923AD9BBED002A1D2E88E1B682925F23964FFC6DE982C10E398EC832C0D6E5E55AE871BED2799623365E0D9DD43F12BF7CFF008615564C18D2EBDAE985151F78401B2244DA5AA132D591F123B897A639E60E9BA523B61041525F21B7D13A929ECDB2B8D392B8790A24C5A4B7EF75B65E569D94A4BCBFF8604AC93FDE5BA0B29430FF00435E53BD4484CFB9410A6C10E30D9074ED628160719D96522E9F3183285352A8518B0B7DA4695A2CA568B8D413F8569BEF8A9B2F8941E05ACB35F8ACDFB967B7A2D3D5EEDA2A25F7516D49E53BE24949D95BE3798278A0713A2C5E2DF98004D4708221AC50A8C1B68A2A6DCD096588C6E0E85FC45A4EAB84E9DC8F2C795A3BA1E96BA5D1BC107D16C170896C29515A6C25566D04850D56506CA55A547E7849D9F9F3D50D773B253891F02127ED0995060F025A992527DE1ACDB013157E4805A7D4F1209B6E84585F1B7C505E203A9084C1C913FD17CE14975EA8D5D164A96A7353A940DCD9D5740B7D3137384516BC7DD68216B9F2D930B97F86B3275150245997437ADA79674A9AD43B2BD46322FC62D2DDA345ABF810230D3BAA8667CB15388D72169E71613A5A79A2CA9161B787636FE2182A8EBA27BFA13BAAAA29A4B216B94BAFCCD4EA63B696D805086A384970FAA9B41B6E7EB8D232580697FD52C14733F5D3452942E1AE67ACC8E6BB0DE86D2D3D2A922CBD3E80F95FE97C0F518A4518B35F7FD94A0C2677BAEED026332BF0EEB94D8C5B6E1C2800A751940A9E736D810DD86A3FC4718DC42B7BE75CB8AD2D353089B6014855F24D6E622252E1C779299923448AABA741EAFBD74A54351DB61E4315D34F949738E838519599BC239E51418CB7123D2A9347972629101D6164BC469F87D3D493DF501E5DB033A4CD366EAAFEE6CD0131747AD52911E3B69752BE504B5EBB0D9375276DBB5F0B6685E5DA226ED1CEC898D4066A54E7D71085FC224A53E31B6FDF7C0C01BA19F278B5593DC4C8CA87C65CC10A5D92EF3D80DF38D921BD1A91F21AFD71BFC18DA85A5BAEAB298C6953F447AE17E70392A4B7FD9588E9872A3AD3742492896AD0F12B2749D77F23623E9822B6212B0B7D2C944402D80E1254D027C394E6A436B60AEEB0106C537485247622FE78CAF66DA63AF0D7704A5F890FE9940AFDA86FBC8E0350D96EFA1FCEF1838A03F762BE50927CB5138E8F59F274BA070AFCC77B2C36E0CD3539833ABECBA35AA3B297149F40936FCB087B5320653B6C772B71D9B883A6738F09F47E8D0E2C14730A92E9E94B6956948007A630E1F66AD618F33D5367E52A45490A4CF5F2DA58EA529E43091F43B587AEF82219DCC371BAF5EC55E5F0DB2A149144A952DD989DCC66A532F387FDCD5AF07BB129BE6042158D00E8BDB4588295304674106FA4855FCBE4700544960354C236DC5D1DE8D1999896DAE5822C30BC487DD121815D6650D2D4252DB6D2955B75117FE78F5B39250E436E83F55CBB0EA1234482DF7EB7156094A7D6E761F9E0B6CE2354E5BAEDCBF939FA5C84C9A4D61890C2D76721B8F25E6D69FDDD215DFE98B44D7F32898DB7D0A6AB872C97DD6D875C42752B486CEAD49F4B13E2B7F4C0AD03BD425636CD499FB6D709159733CE57E2353551D10EBD19541A973BA102647F89194959E9495A2E3ABD31A9C025EECBE9CFFE41667116191AD9791A1417E08B4EE68CDF4AA429289ADF37DDDC8D2473195A18696AD3A7F1024918371497B96E61EE96C5B5D6C1E469D12365D8A633D2596A1404C7E64956B5A7428369F8877213E11AB7B632B86D7096ADAF1A1BA0EB85C1470E3F70AE83C74E19D7325D71D798588CED528731827FB35523B2A54490A4FE34A4DC14FCF1D3E660737DB559FA494C72023AD960D701385353C97C48CF716ACE439A604164C59D01616D39ADC5A5C48F3494A93B838C263789B2B29D99342D2411ECBACE1386BA8E5766F9AC41EA982CC5499F293FD9195BEF2095237094DFD6E76FD719663B5175A1D9001CC8D50AED5E7B79FEA150A6D394C38D52A34371C0CA56A0409326437E320DAC8D8635D865552C405EC5DD4859DC529EA66B961B37A0DD06297C22CDED56DCA10A1C35D2DCF863364371C71C8A43A1467C696CB9CFE614EE945BBED6C6925C6A8F265BB4F5B8BACFB708A9EF733338213186855489012E4E725AE5D3A688CC48A8681265C54ECCBEF685286B50F179E39E56CEC2F708B65B8A32F6B407F9B94C770F22FBD2E3B6BD8AF4DFB1C67A49B2A64EF2DD19733523530CC26086CBBB157D060C85C1A7E89635D7D4ACFF00E3DE4BCD351A3B92E93F6C4D954AA92D5F61C62E371E4C4D1A52FE86ADEF2A42F728D5DB1B2C14508B17E52E3BDF8F417D922C59B56F3E1BB59C5953B84FC3BCF4DD0E56688D529D952A719842299966A2E3926366197AC7319552DF529E65AD371CE4E8B1F0DED8795EFA1922F286FB6E9461F0D7C72583CBC73D1689F0911992D0D75DA2D4E8B23A55C8A80D7CA55BA9B6E527EFD00F849EAB77C60AA3C325EFA2D7CC43E2DF552DED83932B99FB82DF61D021A27571798614D84DB8B4B66D1AEB596D4AEEAD3D879E0FA5AA6C1209DFB3523F8574F7863177392A9ECC5C28AA70EF33C0CCD991E86A9CDC96F4428EE87D2C38E396712E2ADA49D1B1B76ED89E298D32A40C9A0F5496AE98D3B9F0920B9BA1B6C9E1E4082D678A230B0CB11E7AFDDCACECDB2F3E97C6FE89076C22C3486555BD52C97C4D4CB64DE28648CF50D8A8E4FCE19733453A4B4AD2F51674793749410A0B690A2B4F7B1D4918EB7F18DD43EED4845338F96C5657E51CA352A4F12F36D426B1C9A7E607E7C2A5B85D4D9E2C4953C406FB8D09B8171BE395BE43E267A95DE2AA56BA9E22DDDAD17FD11765535861251ABBEDF3C2791EE0BE8066548A965459E63D125BAC850D4A6BC483FEE9B8C5F05594565E15226506A4AB25721CD0950BA010D0207751D1F2C182760D54729E147BB4C4A9494E921869616536BEA23F11180A6A97BDCAA6C003919320C25226B0516D88B0F5FCFB616CA75174C1ED0234C3D4E99CE69B5A40D6121693E615EA306E52DF10482FB8412CC5919F66A66A34990F47538AE63CC0574951EE420EC6F86B1D4B2DAFEA8BA7974B3B556CC9D494C791CD763416E4A880B7D119A4B84FCD76BE077D6D8EEA3511B6DE1164CFE5CA1C6A8B1A5F5059B828F91C34A4884A35599AC94C5B203FB544D9D95324D52B214FC3A4E4DC8F99F35C8ABAFE1C5139308C2A6C40F79BEB75CBA5037F3C112D0BA59218C0F0978BFB22B0CC4218296AA771F18659A39D79FF00DA50B82F5652B867C3D90F38B5489395E0C8796E12A597969E6ACA947726EAC078B463E225B70EFB2C4C5E2603D4265735D6130CD5A4BAE72DAAB7D8AC29C26DD724040B9F994E01A305D503AAF074482D43D9BA6C1E7D4A979173EE5C9D71EE93A930AB14D287EFA82D4F476D3D2822E7D71DDA4AA81DE6CAB0D1C7347AB6E9A4A555D299793E0CD5A9EAA2226AA8B8F21487449F7728374B965A6FA6E6FEB8E358BC3DD56BDAD3A71EC577FC224355843673BD87D959AA139B55944A7A97E7DC93DB6C67E48C275471AEA845B75BD2A7AE7CD1B01F96027820A2DEDB28AAD438ECB6B5F493DEF895382E550721AC612E5CF7922320539052189485DD4B56FAC2D160116FA9BE0B01BB5F55593D11BB2645662BEDF5F493E136B5FD47A0C0CE6DDCA5292588F52103DD50E6FB009B27CBE761860F67801290DFC4A9751911DD3CB5901C4F4907F960298D9BA232069DD7952D9682D2E0206FBDCF6C0D4ECB9D514FD91BB2B3AB4A8292F23491B0477FCF1AFC3DA5AD59BC46316D92AFFB4AF334783ECA356A126525B9B9B33CD0F2F3CD123AD85A573545A49DF70D0D44636F820639DFF73561EB9AE63B5F2385BEFA8FB253FD99A0B199385D946B799732D3B2464E86D0A437992ACC4995EFD223AB96EC5A6448C399214DEC147C20F4DC9C422EC4D7E275129847801DFA93C00965462F0D2E504EBFDBD569E70658F66DCF82A51E9599695C4AADE5D9D1A9D5462BF15D869872628D5192CD2E6A52DA960756A05C57CC76C3683B15F853ED332F2753FD8204E20FA86E661F0FA26D8D5D2909D6EC74ADDB8623ADC690E3C7F75A0E293A89C5B4BDFD47976E4DB40A9AAEEA01A9D7F74B3716E8B95B372A4562B7904C4CCD97213C6953A604B529C3CA5697997A239A64A193BE85DEDE98D19ECD51CF4B239CD6C8EC86C40D41034405076AABA9EA638A390B2173DA1CD3A8373FE6CB34E456DD3314851D90AB5CEFD5E640C7E7B919CAFD414E400AC94DA972CA1C2B37B6C49FE78A9F08729CB38B582E4AE575127E0A1FBEC757F4FAE3D8E16B744B9F28545919C2A94A829811E88E4E092AF8CCBA86D2AF3D492A07ABE4716B29A3277B2F9B2D94A65BE224869C47BD44A8455DFC0F22E47FBC8253FA60A75030E808B2F1D55C1471A171A5E6264783272E663A930FA92DA64B0CB4594DFF0012895EAB7E581DF4C5BCE8857C0D77881B294CC7570E4F335A0186DDB6966FD877B2BE780E46022CAFA436D0AFEA6E60754E04055D361A493FC8F962B8E22D72616665457A06661094C1E6DCA95A45FC573F86D83E094B4A5555077974957B5670E788BED7DC4FA970AF870D55E453F85AF53175A9CC47526914FA94D69099E654E514B6ECC4C3512CB692481E43BE3B776770BA4140D98BB2CB20D49E8380B88F68714A9F8A3086DE261D2DBDCF253F3927D8FB2954A8D97A9D9E2355E2E5EC914E8D40C9FC3DA6BCBA6D3E2438AD84893365C43CC94FCA56A79C285A4052BCCEF8D8557683E1636C3456B01ABF927D0716595868BBD79926EBB7A262A270538754CA43542A7E44CB906911810C438D1D2129BF7595DF98B51F35A89579DF19496AE791D99EE2E2B4113DAD166E815733A3345ABB31D132974ACD701E6447694D215F69C7D47A244090CF5A805770DF527BE34F83511A78C3412CB6E7E53D6EB1B8A55F7F2936BF4EA3D9506A997A9DC2FC9B50E20F166B33E4D3F2F297F61D2972ED3A6B6EA4A61D36A0F93A5C714494F45BA3A97E1382A7C67BD7FC3D281E2DDD6FD481FCA9D2611B492DEE361FCACAC773052EB6EAABB46B0A355E448954E4EFF0DA53CAF81756E7927A2FE7DF1F9EB1EC21D45572467FE4729EA17E9BC1B136D4D246F075B007DC2EB995B10E932241B0432C15279772AD4361FAE13411DFCC99487541F62A99D63A8D4E5538BB156BE672199015252826F73A806D5B7903827BAA77F81AF20FAECA2D88B8D95B2367CA71423DF199B1039B5A4C67503579DD7628FE7889C2A53B1CDF5447C1CA370AFF000AAF96AA0DB122355E9E3458BE95B96503F318A8D2CADD0E8BD14C514E879B6810A3D9B9D096A46C46B06FF41E78F5F4733ED950B336C7542FE23F129A85221AA345A9263BCFA59339319C114151B00A5AEC45FD6D6F9E22EA22DF3100AAA1373A2BA657ABBD32334E36ADFCF59F5FA6FB60139AE8E61BEE8E59229F3AB59A32F52185210AA84C6829E77C0DA52751755ABC936FCFB60EC3E95D533323FF0091FB20712AD653D3C921F947FF00168D52B21C2CB14566065BE5C575121EA94F506D084D527493AE54C99A05D6F3A7F19248161DB1DAFBD2000068000074017056BEEF739FA971B93EA578FBF494EA42B9D1242765B614458E23983916231EEA5A8F57714E98D2965615B216B3BE29BD8A84D08B5C2876E3D0F2973656966555DF3A8E9D9B6D446FC84766C7AE9DCE0AC4F1B73C651E51C7F3D52CC3B070DF11F375FE164CFED1FE2955DF8391F2B3725498B2855AB525A41B20BA8D3099053DBE1A35DBF88FAE2EECCBCBDF2BCF1609AD542D6160E165DD1388159CB757CACCB6A548CBF3B2E371E653167A39F1DC50F788E7FD5BBBEF6D943BFAE03ED9C31BE36BC8B90B41D9699F1CCF683A1D534997F32D32ACC2429C4C98AE1B59774E9577D0E83D88C721AC88B7CABA4C5366DF75718310F21D65C6D3B1D6CAD27525C477DFE76C2F058E17E423339BA8FF0073F7472F1414F7F84E02A4FF0008C194F38EA99458A1668F170A760C0A7CA90876550E94EBA00D4EA98412AB77D5D3BFE6306B6B5D657FC6D391B1D51BB2E50233A0110A1B293D2DA1961B4593DFD2E71554623271A25B5752CF942AB71468B2A6C07A9EC468EDB4480A716D6BD47E57E9C2B964B8EA50308E552F2FD6A0655A22A6E629712990A0A4A4C994420AF943C284F77156F248270C709C22A6BE5EEE9D85DEDC7B9E1515D8A434A097BAC11FFD9E337C6E25E60CFB47811B96BA7E498599F2F541CB879D42A5729E42D1D90875362078BD71D5DDD8C183D13272ECD3BCEBD1A3A0EBEEB9C557695D5D526302D0B7F527AAD0EE12E7372A700516A6F28CC8BF05A5BAABAFA76D049DF6C5704B70946234B639DA8812E4C37652E0D4F4B1212408F346D707B0562C2EE3942B5840CCDDBA288950DE82EA54ADF49D4958ECB4FAA4E3C3756B5E1C109A7559C90995254A2A284A8A77F3B5C6113B54C9ADB2C8EF6E86D7508DC3AAA9D4A53EBAF4027BDD4979A7827FF3635BD923F9ADF6281C4776ACE29AA4F2A32B56B7A8B3924907B37212358FD70E31EA5EFE8DE391AA9613377354C77074471CAF254C2014AB489084AC1F98EDFCB1C0EA1D95FEC57578B508F19573734BD3026148747DD9EC97079DBE63D302CB4F7BB99F50AE6BF21D51562AA9D2BE23E1B3A2DCB3F3C2E8A27309BA619DAE015E6868A65D2A5728F9009F5F9E2CB9B68A45BA688A919E850A39710A43634DD5DBB79E2BBB8E9BA09FBA5E38E3C628B94F2C4C99010CCA9CE3A8A6D0D850BA6454641D0C240FC496FC6BF90C3DC03073575D1C16B97117F46F374A713ACF87A77BC703EE90BE21E68ABD49CA4AAA337ED2971E3943EF2BEED4EBE00596991D2D026E001E58FD48CA0A6C3E16C14CC0C681C73EA7A95C71B533D4BDD24C6E4EDE89F1FD9F39A63C2CD9C4F72A115F97F6670DA1C386DC429324253339CF8650B294B9A13BE806F6ED7C2EED030D453C71B4EC6EAB64DDD4D9F84DABDED019332DD6D753621E614C7912EE9506596F4ABBDD492E6DBE31B1E0350D2764E3F1481CD011AA2FB48645CD515B71E87516DC48E529F2A67A85AFAAC0F977C11F82543BA25DF89451EDB2F4C2F693CBF489EAA4A9B9B362680E34C4FE49BB64F8E339AFF91C5ADC02A2DAD9425C4299DADEC575499286A9134B8A4A072D57716A094F6F32AB0C63032EE5A325670FB67C6625709B2C4A89262CA9542CD4B7A7B71DC0EB91E25423F212EAF9570905D425277EE46349D9A8CB2A1F9AE016A02B9E086EAB2A9494A5E72C15A1F6396E6AFDE4E3682204FBA0D97E11F721368ABD2984257F1A3AB92BB6FBA7FC08C7E79ED6E1D250E20F670ED47B2EAD82D60A8A669E4687DD5E9ECB5391728D46DD6D94DC1F5162319D6553DBB274E8C15D112B998A98A436F053C949E95AC90A3F523070A86C83650C85BB1577A7674AAA56D9E514A81F0A5476F9E2B2E86E34D17B7900DD5E11982B9564244C92B4461D4A6506DA87FB67BDBE581DF3823C02CA2E61F98A4FF899984E6CCFA101CFF22E4E6D4C436D27A173DC1671CB7994276F963B47FA61843835F58F69E83D5603B5F5972D859F55429CB54F97010A29506AEFBCADAE0347A42BD31D525CCE78BEAB13DE0685A3BEC5148732F3B06BD350B65ECF52A63D016B1A55EE91D05861C49F45AAE4791C24C45F79401C21A5208F64D2E71C93962A116B2B5E5BA53B55A5697E6A390359D4BBFBD240EE3F785B6EF8A98F27425062D75F997E9196E97169B35BA35290975439AA31DBB1BEDB5F13CC42AE51744D9F92F2DCE4B3518D4BA459CEADE3B5B1EFA6F6FD31EF78EEAA391A96F9F9F73167ECC153A6536547A65121415A4CE4B0A7DA4B895947222F37671D50DDD59034DBD36C67E970A8E200BC5CA75538839E7C3B21467CC96E55B2BCDC9EF55E7CD557A23CBE74A29B34E247F64D2DA764252E0070D185AD93306DAC83CE4F98DD6544C66553A5CCA754595459D4E92EC0971DC06EDBED28B6AB8F99C36734385D316BC117E159324E6C5658ABA5C74AD502510DCA4017D3E8E2479918CBF69FB3A314A7CBA091BAB4FF0064EF04C5BE0E6BFF00D376FF00CA78F2F5629F5586CC86DC43EC3880A6DD49046F8FCF959473534AE8DEDCAE1B82BAC53D432660730DC153F269306420AC211B7A5B038D36288B05C91A831137714020037F4FD31002E091BAF0D90EF88B9EA3E5D85229948525EABCA694865293D11D36B29E7943C87A6353D98ECD5462D5218CD18DD5E7803F9291E318BC7410E63AB8F94753FC25450EA58642759529D5971E7D7E271C5AAEA593F338FD35474CCA58590C42CC68B2E472CEF9A432BFCC77F7577E18E42A9711F3A52F2842D5CFACC82FD6A62474D3E90C6F2E539E8037D29F551DB1739E626979414D381C2D68A7D32153B316566A8EC08D4AA0A58A5D2D96F60D468E90DB69E9F3206A3F3271977B8BA4BA181F0945CCFC97A254135980A2DC85C3485946FA824DFA87650F220F9626D0A973B850B35A8F2F2BBAF4342586AE1F11D3D5EEEEABEF0364766D47B03DBB62F55976AAD5932A4A5D2DC84F9D7D216D03DF6F4C46CBD1AA5AE9E865A9F4D8F16CDC79492D1E50B696EDADCB247ADB033AEAEBE9E8BC6ACCFBDD41C788B240E5B7F248EC3F4C58F6D82846E4907B4DF09A4A94E71332F445BC943286339458E3C3A6C866AA123C88B21DF436576389D34F97C25174F2169B24916B2AB2F728F2FF00E8C1C5BF447DBC415F326711AA3951D432B59914979777A3EADDBFF6D1E87199ED0F6669F14678BC328D9DD7D0F509DE138C4F432758CEE3F84CAD3789F124B097A3CF43AD91AAC4F5A45B704138E335FD96C4E9A4B18496F56EA0AE894B8E51CCDBB5E07A13AA80AF716A5F2D71E1B884123C4A276F9FFF009875817616BAB64FEA031C63923F6083C43B474D4CD394E77F41FDCA0849AA49A8B92A4B8EADC71F575B8775AC7D3C9231DCF08C2A9F0E804508B0E4F24FAAE698A57CB592E7935E9D07B2F0A5532AB986AD128F43A7CAAC5627B818834D889D4B5AFF007BD0240DD4A3D291B93860F3BB8EC817BF4BAD70F66AE1352F8594993EF65AA9672ADB21DCD35867A9A437A2ECD2A113FEA639F1287DE2B7ED6C26AAAA74CEF4097CB26637459A2C54F364BE2EA11E52CA2E3B1D46D6BE0463755497D868AFF5996C4FA6C67156BA7E0AFF00318B82AEFD5559A755132F54B4E92A84B53BCA5785E648B3AD9FA8EDE87131BAF85C851B4ACDD46A13489758A8311220615262C85800BCC7E0640EEA7927A4848F9E03AEAC869632F95C1A11F87E1D3553F244CB9FDBDD09A8BFE7F46FEE5EFF00DA38B0EEAA3E52A51FFBE5FF00162E9B643C7CAAE660FF0047B36FFDC13BFF008EBC0077FAAB99BAC5A8FE07FE8AFEB878364E46FF00450E7C2AFA9C50EE14949517C4AFE34E1852EC1092F9CAB49F12BEA7FC7173BF317B1EE174B5DDEFE04E2C6798AF0798A6E7D89FFE94B34FFE0A7F02627F9687AAF285A3795FEEA5FF0077FE3843CA11EA7291FE6B37FBDC10CD941DCAF73DFF0036ABFBF47F5C5AD5E48B93FEA75AFF00B33BFF00A71F3BCABD1B2A0CEFF41E93FC537FA8C737EDD79A3F65D1FB0FF94FF75FFFD9,'2009-03-02',NULL,NULL,NULL,NULL,NULL),
 (19,000031,7,17,'matriculado hoy',NULL,'Matriculado',0x47494638396137004A00B30000000000CCCCCC6A6A6A202020999999FFFFFFAFAFAF3F3F3FF2F2F27D7D7D0F0F0F8F8F8FBFBFBFD9D9D95050502F2F2F21F904041400FF002C0000000037004A000004FFB0C849ABBD38EBCDBBFF60288E64699E68AAAE6CEBBE676310B4D1C09E5CEFC48D673A9AE0A100281E02DFAF124C0C8C50E3C0B0ACD49CD1AC825195CC08586D56890B3EC5D947F52B408B09CB5AD1ADFDE9DA746D00C7A01DF25A027C347380506A30340B867589608C638E7890465C2F429450962E3393949B2D7D9E90A02C3A99463F849903AA044494826504A38054AE8580AD6B0E900B5D0D8B8688C009867BC09874705D05017E676203B25D8A86085D7D04BDB66BD68CD883AB8CBB2D4160D1E43D2301DA8AEF0B43A88702F00CC817EEB47FF3AC07494CDED5EAC70AA0B377FC082A047060CFBB740B090E78362E62C429DB2C6A04402B62BD7B617D08BE5A886FC2405F24312444B5922585755E242A4C603255CC8D94A62D60F0C4C104063825862BC02D28ABA1048CCE43AAD4E5CDA6B126B484AAEB80D55C540109B8C733AB2FA9172DD2943095A558B00B8D79CD3472ADAF936EDF648C6BAB225D69C1ECDE3D842D48D9B83E2950844B750A863B07202A1DE0E0D68408003B,'2009-05-04',NULL,NULL,NULL,NULL,NULL),
 (20,000032,17,17,'',NULL,'Matriculado',0xFFD8FFE000104A46494600010101006000600000FFDB004300080606070605080707070909080A0C140D0C0B0B0C1912130F141D1A1F1E1D1A1C1C20242E2720222C231C1C2837292C30313434341F27393D38323C2E333432FFDB0043010909090C0B0C180D0D1832211C213232323232323232323232323232323232323232323232323232323232323232323232323232323232323232323232323232FFC000110800ED00AA03012200021101031101FFC4001F0000010501010101010100000000000000000102030405060708090A0BFFC400B5100002010303020403050504040000017D01020300041105122131410613516107227114328191A1082342B1C11552D1F02433627282090A161718191A25262728292A3435363738393A434445464748494A535455565758595A636465666768696A737475767778797A838485868788898A92939495969798999AA2A3A4A5A6A7A8A9AAB2B3B4B5B6B7B8B9BAC2C3C4C5C6C7C8C9CAD2D3D4D5D6D7D8D9DAE1E2E3E4E5E6E7E8E9EAF1F2F3F4F5F6F7F8F9FAFFC4001F0100030101010101010101010000000000000102030405060708090A0BFFC400B51100020102040403040705040400010277000102031104052131061241510761711322328108144291A1B1C109233352F0156272D10A162434E125F11718191A262728292A35363738393A434445464748494A535455565758595A636465666768696A737475767778797A82838485868788898A92939495969798999AA2A3A4A5A6A7A8A9AAB2B3B4B5B6B7B8B9BAC2C3C4C5C6C7C8C9CAD2D3D4D5D6D7D8D9DAE2E3E4E5E6E7E8E9EAF2F3F4F5F6F7F8F9FAFFDA000C03010002110311003F00F66F131234C420E3F7A3F91AE45A4EC2BACF147FC82E3FFAEC3F91AE3CFDEE0D672DCEAA5F0885CD30BE0D0C4815193CF6A93524F339EB4864EF9A8D8E3A5318922900E690E79A88B9A6B12066A22E4D1601ECEDEA6903364734C2FC50B8CE68604A59B8C1A6F9AC33F3521614DDA3AF5A010E49981FBD5279EF8C6E3F9D56C52F39A4D0D32C09DBFBC68370FD98E3EB502E79A3902A5A2D489DAE5F1FEB1FF3A8FED730E92BFF00DF46A324E2A12DCF34AC3E62EADF4E07FAE93FEFB34EFED0BAC822E661F490FF008D506385EA694376A5663E6468AEAB7CA4017973F84AD5646B9A8818FB74FF00F7F0D636FE69FB853D41B8BE87A478A8E34D8BFEBB0FFD04D716CFCD761E2F7DBA741EF2FF00435C3339C9EB8AE86B538E9BB449BCCCF4A3393D2A20492319A900E2A1A354C189DD51B719E7F0A7E41CFB5723E38F113695A5490D9B817728C03D7629EA7EBE9F876CD28A7276453924AECB9A878BF43D3E76867BE5F3978648D59C83EF8040FC6B3A7F1C6991C1E708AECC7D03F95C67F3AF30B3864D4AF13ED17318623006E19C0ED81D3F2A76AB1DADB36D8E170E0FFACF3F7F3E98C020D75AA115B9CAEBCBA1BB37C40D4FED8CCAF1180B1FDD2C78DA3B0DC7249F7C7E1DAB43FE1604D3C2624686D25001F3083267D401D07D79FA57076AF6ED2133B32B1E8D8CFE74926C05981CE4F040C0AB74A16D8CBDACBB9D92F8DF50B575712FDA064865738561F4EDF9D745A5F8CE37B512EA171A7A96C9D91CE15D47BAB1E7F3CFB1E2BCB8496D1A8F3A2925CFF764D98FD0D235EF94A4451222B0F947523DF3DCD54E8C18A15A563DB5B5FB0FB2A5C452F9A1CE2348C6E690E71851DF9E3D0739C62ADD8EA11EA1019224910A394749176B230EA08FC45784586AD756526639A48FAED64EAA48C123D09000CF1C0AECBC37E35874B90595E6648DE42D25C890B024FF0010C8DDE99C927A9F6AE7950B2D0E88574DEA7A87500D21A82CEFADEFED96E2DA41246DDC7047D4763539E6B99A3A2E37B54257D6A539148474A43B911539A7018152638A5DB91C0A6222C7352EC3EB4813F3A98038A09BB3BAF191C595B0F590FF002AE2891939E2BB2F1A3016D680FF007DBF95718ED5D1639E2F4154807AD3F23B9AAE1BE948D2003AE3DEA1C59A2919FE25D723D174792E7AB921117B927B8F5C0C9AF14D53546D4EFE4964762643CB48C4E2B7BC717135F6AA6552DB5310AA161DC6EC81D79EBF90FAF3B1695701524906031185C1271EA7DABA2943963732A9272764115E4D03A0F390843F2B344AFB7DC64536FAEC2B9585A6757397799F7173F4038FD7EB5764D2CC892987264898715341E1DD42EA1590DB1646E32BD41AB734B764AA537B2312DA38A698ACA0AE54ED2BEBDA9A54168D141C67E6FAD7629E0EBA7B7124719322FCA46318ACDB8D167B2025F2486FBAB919FA9A95562CA7869A473D721F7850A40ED40BA9C42D11DBB0FF00B209FCFB5684BF6E11080CB3085B9F2F71DA7F0E954658B68DB83B87AD6B295DE873A834B52025B804E476CD39555655F34305EFB7AE3DA82A0FDD04E3BD58B24825731CCDB14F461DA9203AFF000178822B2BDB8B6BDBD290C88A23695B014827039E99DC7F2F7AF4FB7BA8674F9254723AED20D7CF515C3D9DC896260248DBE56FA77AED34AF11DA41736BA8080DB4CCDB6758176C72212371C74C8EB91CF15854A7CCEE8E8A552CAC7AA9618E3A5209071CD405F299078C706A3F300F4AE6E53A398B9B867D6824FF00F5AAAACA3A93F4A76F3D68B07316565CE01E2A7F33E9540B8DB4F05B1D6A9449723BEF1C36D82CFF00DE7FE42B8A7704576BE374DF1D973CE5FF00F65AE29A20060E6B75B1CEAF6222FEF591AF6B3168FA5CB752E1B036A2138DEE7A2FF5FA035A6E98EE6BCF3E25AB03A60DE767EF495CF19F94038FCFF5AA49315D9C525D49717FF68B872CEEE5DCE31924E4D769E1ED0EF75EBF89576C56CB82DD4B11EFE99AE474AB47BABC50172179AFA03C23A62E9DA3C79502593E66207F9FA56588ABC8AC8EBC2D3E6776675B785ADAC35058AE10085CFC9381C1FF0065BD0FF3AE920D0B4EB375DAAA1DB8519009FA0EF5AF1DB2CC9890654F041EF52DB68F636A77C16B0C6DEAA801FCEB9629CB53ADB51D0A1FD9701271105C8C1E2A8DEF86ED2E632A635CFF007B1CD746D181D3B54330F97834DAB0948E3E6F05E9B2C0639AD63789BAA32F7AE2B59F86B6A3735936DFF65C93FAE6BD6D8F63C8ACFBB84E09C706B37524B54CD1462FE247CEDA9F85EFB4D2C0A0207A739AE7CAB2391B48C7B57BE6AF651CA1B781D3A9AF2FF11E97E5996581418BBB81C7E06BA68625C9F2C8E5C4E1236E681C61C13572CE68E3E2550EBFDD3D0D542B86A519CF1D057623CCD8F69F0CEA125FF87ADDE524CD10F2A5DCD93950393F5041FC6B48B9CE36E6B9DF09C4F6FE1C59598334EED21E73CFDDFF00D97F5AD65B87DB838AC650D743753D0B7E795E0003DE8128EACD54CC993834C77C77A1404E6CD0326EE47356431C0ACA8A424D69AE768E074F5A1AB094AE7A4F8CC6E5B31FEFFF00ECB5C8B21AEC7C5C326D47B39FE55CB14C8A572A2AE8CC96126BC93E20CA1FC4A220C710C088C3D1892DFC9857B33A7B57817882592E7C51A9C931C9FB548BF82B1503F202AE0EE12563A1F05DA19EEE2458F00B0DC715EEB670848D1318005797FC36B02CFE691F227CC78EFE9FA57AAABAA60138AE0C44B9A7647A5415A05F8F2054DB98AF4A4B774640C7038E2A7124639E315708BB132656DD8EA2A19007E9565D1646C83D6A00AA24279A248A4D1526560B806B32E64619C8AD99640CDB4638ACDBA45627A64F6AC251D343683EE73F76A9203900FD6B95D7ACBED769246A39C57577E86339038AC6948248ACE2DA66AD5D1E21A85B1B6BA923239535541E7A574FE2FB510EA4E76EDDC72315CBE79C57B309734533C0AF0E49B47B0680547866C02A81FB85CFFBDDFF001CE6A432907041FC2A9785E532F852CD9860E1C7031FC6D5738CE687B916D0786C9EF48E5B34E0C06052923EB473072842086E4D6BC6098D7E82B215866B5A13FB88F9FE11FCA87A89687A9F8A0032DB0FF65BFA5734EB8AE9BC4DFEBA01FEC9FE75CE3824D7337A9D74D7BA8AAC9935F3E78814A78B35252B8FF4B90E3EAC4D7D0ECBD6BCAFC59E0FBB8751B8D6F6A1B57B9C60C9F31DDD0E3D339FE7554E694ACCA9C1B5A1D7F802331682243F799CF3FCBF4AEB6DADE5994C8D8C92701AB9FF0003C626D1C0038F348E0FD2BAABC49A1B76587EF638C715C751DA7267753D6090D7B7494F9735ECA241C88E1193F90AC7916F2D25616BAAC9BB3811DCA7F88A81B42BDD474E9D5AEE54BA0C1E28C6E58F00F4383F313DF355B44F0BDF58C33ADFDD4AF70ED944192839E7E5C9C0EDD69B6DC6E52B2958E9F4BB9B969089DC30039C0C53F50BAF218B06E31922A2820FB304007CC17049F5AA5ACB37D9DB27822B2726A3A96A09C8C19F5FBF9AED96C53710703BE69D65078999DA69CDBBAB9DC479C063E800AC9D11A45D57ECCD12334ADC49313E5C633D481F78FB702A7D7F53F11586B29A745636D2448C7327900295E36ED00E73D73D7B56904ED7226D5EC5FBC799919664647EDDC573CF7389B0783DC568C1AC4CF706CEEA16497A10C4B0FC09EA3D8D53D42CC993CC45C715126B6292EA8E2BC6910787CDEB8FD2B82C7CD5DF78C1F659229EAED8AE0CA932600EBD2BBF0D7E43CCC7DBDA2F43D43C30DB3C2966BFEFF23FDF6ABCCDEF599A1C6D67E1EB585F1BB696E0F50CC587E8454AD31CF5AD9ABB6732D9177CC03A9A04E01233543CE38EB4CF3727147285CD58A650F9C06FAD6F5B806DA2383CA0FE55C942E03006BB4B28C1B0B73EB12FF214D10CF4CF12737308EFB3FAD73EC39ADFF11F37717FD73FEA6B098735C92DCEDA7F0A21209E9C573FE31B05FEC77BC099923087767AE5B6FE9FD6BA4C54C6D20D434CBAB3B8E51D300FA64F5FCF150D6CCE8A72DD77D0C4F025B1B6D0919930598B8F7CF39AEBA31BCFCDCD65687672D8DA2DACC4168F0A08390476C7E15BD180A0702A12E691A4BDD561CA88ABF76ABCA8880955C13DEAD1C9E82ABDD0223E3A9E056B25A686717A99E705F1DBDEB0FC44FB62C60FBE2BA2820567F9D863D4D61F88ADA36462AC0608C7BD72CE2F92E75D392E6B1CDE9E36DEA4ABC30FD6BA992C05C207538E3B572907FA3DDA090E012315DA5B31118FA528EBA31CF4D51873E8D0AB076E5874CF6AA974D08859768DC07A56FDDB23F19C1AE6B544540483F5A4D598D6AB53CABC72FF00E976F176E5BFCFE7593A468697B3C4D3CAC88E485DA3935B5E2B8D2E350814BE093B7E809ADCB2D392DE0B0F2DC48910932DDF9E47F5AEC8D471A5151DCE495153AD294D6897E84B30254E6B3DC1AD49C8DBEF541979ADD48E0702B9E05340EF5295E79A6B002AD488E5248B3BD6BD174D873A5DA1F5853FF4115E7700F9D6BD4F48873A3589C1E6DE3FFD0453B91289D8788B1F6D8F3DA31FCCD61B77AD9F1113FDA09E9E50C7E66B1C8E2B99EE7553F8511D4F68DFBEDA4643704540D491C8637565EA0E6A1A358BB3B9B4D12C77436125596AD0E074ACE8AF96E6E523556CAA9393F855F2D85A85A366AC98CAA8067A9ACED4A412C4515B0D5683663C10339CE6A9CD10DE5D9BAD549B6874D24EE61DA583E9114D3477B7B73E69C94B8977053EDC715CBF88A5D6AF13F77BAD114E77940D9FE95DCDCBC4D098B72E739ACBD5268A7548C11803E618AC2699D90F4DCE42D96E6E562460CEE072E46326BBBB4568AD115DB2C0726B2ED6189400AA33EA2B4D642A9B49E6A224CF5562ADD9C127233D6B9DD565CC46B76F1B2849C66B98D5DBE4DA29091C85F592DCCB232C2D2CEE00423A273CD6969D03DB69EB1CA0872727DAACD948A1DD4004E39A9241C56B4F564D59354EDDCA3366AAB100FAD5D9FA74ACF91B935D51679ED0C7233C537AD34927A5393DEAF620B1028DE315EBBA2C44E85A79C7FCBB47FF00A08AF23B61F38FAD7B56870E7C3FA69CFF00CBAC5FFA00A7133A9A177C447FE26207A463F99AC763C56B78848FED33FF005CD7FAD6331159BDCDA1F0A1A5E985B3431514D2F52593D8BECBE427BF15BDBB7015CD072A415E187435B36D742440DD3D8D672DCD61AA2D4AEE887CB00B9E99AC4BDB7D4A6015AE638D49E4A2139FCCD6C6FCF5A8A4F9C63B54BB336A6F95986DA45E152C6FB207FD321FE359575A35DAF3FDA3804F2047FF00D7AE82E6D667E16491547A1AA6F6854732C99F7359CA4BB1D51A8FBFE0622477D692A88A44953D5B2BFE35D048C5A147C61B1CD531085CE7F335219C088AE474A952225A94AEA70EDB3BD73BAC3F5391802AF4F71B6E1DB35C878BF5536DA73F967F78FF002A9CF4CD38AE69591126A29B61E1F59AE6EAEAF1D8B5B3B6D8C67A118FE75B32553F0CC6B1F86ACC2A800AB371DF2C4E7F1E0D5E939AE9764EC8E3E6725765198641ACD954F5AD771F2106A84A80B648AA8B33922877C52F20F5A919306A2380DC56BB99EC5A849DC08AF79D063FF8A774CFFAF48BFF004015E070B735F4368698F0FE9BC7FCBAC5FF00A00AA4655199FE236C6AAC3FD85AC367AD8F11AEED59F9FE15FE558AD10F5AC99B47E14319F9A8CC943200786A66D1DE828903FBD6844CC2D9244EA0723D6B92F12EBD0681A5B5C39DD33FCB0C79FBCDFE03BD6E7852EE5BFF000AE9F773B6E966843B9F526B2AD17CB736A32F7AC6F59DD4770300F3D083D455D50B9AE75EDE45937C44AB839C8A9535A48F0971FBB93DF806B08CEDB9D1283E86F4ECA17DEB3AEB6E3381548EB56EF2604C9F9D54BCD6ADC29024527D8D5CEA2685183413103926B1EF3508A104753E99AA1A9EBAA232B1919F5F4AE52E2FDE790FCF5CF63A2299AB757E09C21CB1ED58B7BA61D5AEADE190129BB73B2F51E9FCFF004AB36E0633DCD606BBAC4FA5EB56535AC98640772E7861C641F63FFEAE715D187579AB186224A34DB3D0551638951142AA8C003A0A825A7C37115E5A437309CC52A0910FB119A631EC456ACE64F42B373D6AB48B9AB6FC55775F968426519571D2AB38ABAE3A8C55764F6AD62CCA486C43F957D23A3A6343D3C7A5B47FFA08AF9CE34EA7D8D7D27A6A85D2ACD46702041FF8E8AD11CF50E57C4B36DD6A65CF40BFC8561C97000E4D5BF16CBB7C437233D027FE822B9A96E02A966700019249E051C971AA96468B5C8F5A8A4BC5442CCC0281924F615C06A5E3E8E2BA682CA013AAF06566DA09F618E9EF5CF5EF8B755BE8DE1795638D9487545C020F51EB5A2A0EC275B52BF8AB5F975CD54CB961029DB0A1FE15FF0013D4FF00F5ABDC7C0C31E0CD207FD3AA1FD2BE6F76DD2E7DEBE8DF01CCB2F83F4BC1FBB6C8A7EA060FF2AC714BDD5636C2CAF36D9BAEDE5C9ED45C5ADB5DC389114FD69F3A646EA8B636DF96BCFB7467A49F54737A8787E35CB42EC07F773D2B9F9F4E9A3382EE47B9AEEDE2663839AA3736991823F3AC9C3B1B2A8FA9C0DD5948F80A6AB0D3083920D77C34742B92BCD55B8D29501C0AAD58B9CE3A522D612CDD0579BEB374D77A9492B76E00F415E8FE2A64D3F4F92593A93B517D58FF00927F0AF2A95CBB96273939AEFC2434723CDC6D4D140F46F02EB2D7765269D3365E01BA3C9E4A6791F8123FEFAC76AE9E4EB5E4BE1CD5868FABC572E098882926064ED3D71FA1FC3DEBD42D353B2D4A0F3AD2E1254EF8E08FA83C8AD2B41DF991951A89C6CF7256F7ED51311D314F639CD3383D6B0372175CF6A84A1AB2DCF22A33D6A9325A2255DA4F1D8D7D2564B8B1B71E9128FD2BE764C1CF1D8D7D1B6E316D10F441FCAB58B39AB2D8F17F88BE2BB2D33C4F7B6E019AE5768280E02FCA3A9AF26D6FC557F7E8D0B48B1C4DD5231807EA7AFF004ADEF8AD2AA7C40D6091CF98B8FF00BE16BCF46E91B26BB2114A299CB26CB16B932E4D3DD8665DBD071525B4616277E9815020CC5396EE6B4E808A8DC57B4FC2BD602E99169F704AAC859ADDCF46393B97EB9E7F1AF1761EF5EB1F0D20B7D5741B8D3A72CAF14BE6C4EA70C871F787E39AE4AF6E5D4EAC3DF9B43D7986E4A80300306B1ED758BBD2905B6BB1318C7097F12651BD3701CA9AD65922B88C4904B1CA84643230208AE0942DA9E8C677D0247454C93CD53553713600F9477A966D8A3323AAA8F520567C9E26D0EC7E56BF89DFB2439918FE0B9A9507229CD456E6C346123E98FA562EA334504324D34891C4832CEE70147B9AAD73AEEA7A8467FB2F4F6863EA6EAFBE4455EE40EA6BC8BC6BAEFF00696A4365FBDDC30A850C1764658752AB9FD7BF6E315B53A1CEEC613AEA11B94BC69AF0D5F556581F36B0E562E31BBD5BF123F202B932726A491CBB127AD475DCA2A2B951E64E6E727262F5AD3D23509B4BB913C4707B83D08F4359F1AE4E4F4AB1B831C0E95A456845F53D1B4EF11596A4C2356F2A7233E5B77FA1EF5AA0579142E629F209CAF4C1AEBB49F1298A155BC6CC60ED0C4F23FC6B9E787D2F13A69E23A48EB8F4A6707B54705DC37716F8255917D54D4840C57359A7A9D49A6AE89100CE31D6BE8E4188D47A015F39C43240C7522BE8D1C0C569039EB743E47F8A4ED3FC49D6C67E559C0FFC716B9445C0C0AEC3E24463FE1606B8C3BDCFFECA2B9254CB62BBE0B4471BDC94B6DB5FA9AA77292491EE44628BF7881C0FAD5FBD8FCA8224E7A66A911B90A93C554B5D00853E64078247515E8DF0BEEC45A980A4007E571F5E9FD6BCDE326297691D78C5753E0EBA165E23B639C46E76B7B7A1FCF03F1AE6AD1BC19D18695A68FA4602A613BC023B8358B7DA0E977D2473BC212355F290465936E4961D3800E4FE26B4ACA54B8B5054FDE155EE6DAF2EDE2B68E058E1F315E494B0E40E40007F5F4AE3D3934DCEFD79EDD0A31F82B460C19EC849FF005D18B56BC3A658D8A016D690447A02A801FCEB458A8F9476AE27E22F8A87873422B138FB65D131C43232A31F3363DBA7D48AA50BBB0A53B2BB3CC7E2678D2E353BF9B48B298A69F0B6C9369C79EC0F24FB03D07E3E95E765D997AF029F72E6472C7926A16F9542D76F2A82B23CB7373F798DEF4E0053453C0C5095C4D8EDDC633C53B77CA38031FAD348E2954E08E05684934413EFB82DC8E03853F5E873F855BBF5685E38BE6F2422B2E5701B23961EA33919EF8EDD0537994AE56DE2539E0FCC71F993FAD026320F9BF20303F2ED496E32582F2E2C66596DE565FA1AEBB49F14C576561BB22294F46FE127FA571AA7208A8D8146CD29C14B72A151C1E87B05A9CC91F3D587F3AFA3EBE37F0CEBB736D7B6B03FEFA032A2EC3D572C0706BEC5F353FBC3F3AE674DC19ACAA29D8F93FE2365BC77AD107FE5E4FF00215CBC4A370CF5AE93C74A7FE138D6867FE5EDFF009D738A70E2BBA1F0A39DEE4D7F9C28EBC567918357EE30704D517CEFA6D00F8EC5AE966911D10C11994EF246E03A81EFE9F43459DDAC17504DD591C311F434CC9DA704F3516CE391512452763E86F05EB0972821570CA46410735DCA21DB9C57C9FA3EA575A3EA115DD9DCBC32C67208E41F623A11ED5F4AF83FC4917897455BA45D92A9DB2267A1FF000F4AE2747911E846B7B4D6C5AF106A0345D02FF5229BCDB40D205F520703F3AF96356D5B50D6B517BDD42779E773CB31E07B01D87B0AFA9BC4FA79D53C35A958AE37CD6EEAB9FEF6323F515F2CBA80DC8C7D6B5A296A61896EC8A4F11383D291ED275412BC6CA87A1356266000E40F6A74BA93C96BF67D839017713D87418AE8697538E2DD8A491E7934E71CD4FF0028503A1F5A8587CD4AD61DEE467AD28E39A31CD3B0314008BCF14270D4038E697A90680240BCE69E50BAE7D29106F2AA485C9EA7A0A97011B1B81E7B77AA11A5E1D84B6B363C7FCBCC5FFA18AFB448E6BE38F0CA93E20D380C1CDD45C1FF007C57D8E739358D7E85C0F91FC68FE678C3587E79BC979CFF00B44573CA0990019AED3C63A4AA78A3543E6F06EA46FBBD32C4FAD73E9A7AAC8A779FCAB584972A13452BA5DB851D71D2A995E724735B377669E76371E9559ED9026DEF9CEEEFF4AABA033B07D38A601C907A1AD43689E503939AAF340A1873D28158AC13807D2BD3BE106AFF0065D7DEC1D8F97768401DB78E47E99FC8579F47029CE4D6BF85C9B1F11D8DCC47E78E7461F9F3FA647E351349C4D29C9A91F4CB2F4AF9275D096FAE5F4280048EE644500760C40AFABB57BC361A35D5EA2066861690293D4815F23DC079AE9E495CBC8CC599B1D493C9AC29E9736AEFDD2A3EE76CE0D48D06D547E307A5591000339A5DB95D99F9472057458E48EA882543C7D2A3217CB5C29DF93939E31DB8FCFF004E98E6D4880F24F6A8B601431D8AFB69DB78A9950734A10500562B83ED4A00C62AC1414DD82900C1F74629EA4E294A0CD2A8C1E0F34D3158DFF09AEEF14694149FF8FC8739FF00AE8B5F629EA6BE40F05441FC57A5924F1770B7E4E0D7D818CF358D7DD1503FFFD9,'2009-05-04',NULL,NULL,NULL,NULL,NULL),
 (21,000036,22,2,'',NULL,'Inscrito',0x47494638396137004A00B30000000000CCCCCC6A6A6A202020999999FFFFFFAFAFAF3F3F3FF2F2F27D7D7D0F0F0F8F8F8FBFBFBFD9D9D95050502F2F2F21F904041400FF002C0000000037004A000004FFB0C849ABBD38EBCDBBFF60288E64699E68AAAE6CEBBE676310B4D1C09E5CEFC48D673A9AE0A100281E02DFAF124C0C8C50E3C0B0ACD49CD1AC825195CC08586D56890B3EC5D947F52B408B09CB5AD1ADFDE9DA746D00C7A01DF25A027C347380506A30340B867589608C638E7890465C2F429450962E3393949B2D7D9E90A02C3A99463F849903AA044494826504A38054AE8580AD6B0E900B5D0D8B8688C009867BC09874705D05017E676203B25D8A86085D7D04BDB66BD68CD883AB8CBB2D4160D1E43D2301DA8AEF0B43A88702F00CC817EEB47FF3AC07494CDED5EAC70AA0B377FC082A047060CFBB740B090E78362E62C429DB2C6A04402B62BD7B617D08BE5A886FC2405F24312444B5922585755E242A4C603255CC8D94A62D60F0C4C104063825862BC02D28ABA1048CCE43AAD4E5CDA6B126B484AAEB80D55C540109B8C733AB2FA9172DD2943095A558B00B8D79CD3472ADAF936EDF648C6BAB225D69C1ECDE3D842D48D9B83E2950844B750A863B07202A1DE0E0D68408003B,'2009-06-27',NULL,NULL,NULL,NULL,NULL),
 (22,000035,21,19,'',NULL,'Matriculado',0x47494638396137004A00B30000000000CCCCCC6A6A6A202020999999FFFFFFAFAFAF3F3F3FF2F2F27D7D7D0F0F0F8F8F8FBFBFBFD9D9D95050502F2F2F21F904041400FF002C0000000037004A000004FFB0C849ABBD38EBCDBBFF60288E64699E68AAAE6CEBBE676310B4D1C09E5CEFC48D673A9AE0A100281E02DFAF124C0C8C50E3C0B0ACD49CD1AC825195CC08586D56890B3EC5D947F52B408B09CB5AD1ADFDE9DA746D00C7A01DF25A027C347380506A30340B867589608C638E7890465C2F429450962E3393949B2D7D9E90A02C3A99463F849903AA044494826504A38054AE8580AD6B0E900B5D0D8B8688C009867BC09874705D05017E676203B25D8A86085D7D04BDB66BD68CD883AB8CBB2D4160D1E43D2301DA8AEF0B43A88702F00CC817EEB47FF3AC07494CDED5EAC70AA0B377FC082A047060CFBB740B090E78362E62C429DB2C6A04402B62BD7B617D08BE5A886FC2405F24312444B5922585755E242A4C603255CC8D94A62D60F0C4C104063825862BC02D28ABA1048CCE43AAD4E5CDA6B126B484AAEB80D55C540109B8C733AB2FA9172DD2943095A558B00B8D79CD3472ADAF936EDF648C6BAB225D69C1ECDE3D842D48D9B83E2950844B750A863B07202A1DE0E0D68408003B,'2009-06-27',NULL,NULL,NULL,NULL,NULL),
 (23,000034,23,19,'',NULL,'Matriculado',0x47494638396137004A00B30000000000CCCCCC6A6A6A202020999999FFFFFFAFAFAF3F3F3FF2F2F27D7D7D0F0F0F8F8F8FBFBFBFD9D9D95050502F2F2F21F904041400FF002C0000000037004A000004FFB0C849ABBD38EBCDBBFF60288E64699E68AAAE6CEBBE676310B4D1C09E5CEFC48D673A9AE0A100281E02DFAF124C0C8C50E3C0B0ACD49CD1AC825195CC08586D56890B3EC5D947F52B408B09CB5AD1ADFDE9DA746D00C7A01DF25A027C347380506A30340B867589608C638E7890465C2F429450962E3393949B2D7D9E90A02C3A99463F849903AA044494826504A38054AE8580AD6B0E900B5D0D8B8688C009867BC09874705D05017E676203B25D8A86085D7D04BDB66BD68CD883AB8CBB2D4160D1E43D2301DA8AEF0B43A88702F00CC817EEB47FF3AC07494CDED5EAC70AA0B377FC082A047060CFBB740B090E78362E62C429DB2C6A04402B62BD7B617D08BE5A886FC2405F24312444B5922585755E242A4C603255CC8D94A62D60F0C4C104063825862BC02D28ABA1048CCE43AAD4E5CDA6B126B484AAEB80D55C540109B8C733AB2FA9172DD2943095A558B00B8D79CD3472ADAF936EDF648C6BAB225D69C1ECDE3D842D48D9B83E2950844B750A863B07202A1DE0E0D68408003B,'2009-06-29',NULL,NULL,NULL,NULL,NULL),
 (24,000000,7,31,'',NULL,'Inscrito',0x47494638396137004A00B30000000000CCCCCC6A6A6A202020999999FFFFFFAFAFAF3F3F3FF2F2F27D7D7D0F0F0F8F8F8FBFBFBFD9D9D95050502F2F2F21F904041400FF002C0000000037004A000004FFB0C849ABBD38EBCDBBFF60288E64699E68AAAE6CEBBE676310B4D1C09E5CEFC48D673A9AE0A100281E02DFAF124C0C8C50E3C0B0ACD49CD1AC825195CC08586D56890B3EC5D947F52B408B09CB5AD1ADFDE9DA746D00C7A01DF25A027C347380506A30340B867589608C638E7890465C2F429450962E3393949B2D7D9E90A02C3A99463F849903AA044494826504A38054AE8580AD6B0E900B5D0D8B8688C009867BC09874705D05017E676203B25D8A86085D7D04BDB66BD68CD883AB8CBB2D4160D1E43D2301DA8AEF0B43A88702F00CC817EEB47FF3AC07494CDED5EAC70AA0B377FC082A047060CFBB740B090E78362E62C429DB2C6A04402B62BD7B617D08BE5A886FC2405F24312444B5922585755E242A4C603255CC8D94A62D60F0C4C104063825862BC02D28ABA1048CCE43AAD4E5CDA6B126B484AAEB80D55C540109B8C733AB2FA9172DD2943095A558B00B8D79CD3472ADAF936EDF648C6BAB225D69C1ECDE3D842D48D9B83E2950844B750A863B07202A1DE0E0D68408003B,'2009-07-12',NULL,NULL,NULL,NULL,NULL),
 (25,000000,24,19,'ASD',NULL,'Inscrito',0x47494638396137004A00B30000000000CCCCCC6A6A6A202020999999FFFFFFAFAFAF3F3F3FF2F2F27D7D7D0F0F0F8F8F8FBFBFBFD9D9D95050502F2F2F21F904041400FF002C0000000037004A000004FFB0C849ABBD38EBCDBBFF60288E64699E68AAAE6CEBBE676310B4D1C09E5CEFC48D673A9AE0A100281E02DFAF124C0C8C50E3C0B0ACD49CD1AC825195CC08586D56890B3EC5D947F52B408B09CB5AD1ADFDE9DA746D00C7A01DF25A027C347380506A30340B867589608C638E7890465C2F429450962E3393949B2D7D9E90A02C3A99463F849903AA044494826504A38054AE8580AD6B0E900B5D0D8B8688C009867BC09874705D05017E676203B25D8A86085D7D04BDB66BD68CD883AB8CBB2D4160D1E43D2301DA8AEF0B43A88702F00CC817EEB47FF3AC07494CDED5EAC70AA0B377FC082A047060CFBB740B090E78362E62C429DB2C6A04402B62BD7B617D08BE5A886FC2405F24312444B5922585755E242A4C603255CC8D94A62D60F0C4C104063825862BC02D28ABA1048CCE43AAD4E5CDA6B126B484AAEB80D55C540109B8C733AB2FA9172DD2943095A558B00B8D79CD3472ADAF936EDF648C6BAB225D69C1ECDE3D842D48D9B83E2950844B750A863B07202A1DE0E0D68408003B,'2009-08-05',NULL,NULL,NULL,NULL,NULL),
 (26,000000,25,19,'',NULL,'Inscrito',0x47494638396137004A00B30000000000CCCCCC6A6A6A202020999999FFFFFFAFAFAF3F3F3FF2F2F27D7D7D0F0F0F8F8F8FBFBFBFD9D9D95050502F2F2F21F904041400FF002C0000000037004A000004FFB0C849ABBD38EBCDBBFF60288E64699E68AAAE6CEBBE676310B4D1C09E5CEFC48D673A9AE0A100281E02DFAF124C0C8C50E3C0B0ACD49CD1AC825195CC08586D56890B3EC5D947F52B408B09CB5AD1ADFDE9DA746D00C7A01DF25A027C347380506A30340B867589608C638E7890465C2F429450962E3393949B2D7D9E90A02C3A99463F849903AA044494826504A38054AE8580AD6B0E900B5D0D8B8688C009867BC09874705D05017E676203B25D8A86085D7D04BDB66BD68CD883AB8CBB2D4160D1E43D2301DA8AEF0B43A88702F00CC817EEB47FF3AC07494CDED5EAC70AA0B377FC082A047060CFBB740B090E78362E62C429DB2C6A04402B62BD7B617D08BE5A886FC2405F24312444B5922585755E242A4C603255CC8D94A62D60F0C4C104063825862BC02D28ABA1048CCE43AAD4E5CDA6B126B484AAEB80D55C540109B8C733AB2FA9172DD2943095A558B00B8D79CD3472ADAF936EDF648C6BAB225D69C1ECDE3D842D48D9B83E2950844B750A863B07202A1DE0E0D68408003B,'2009-08-05',NULL,NULL,NULL,NULL,NULL),
 (27,000037,26,19,'',NULL,'Matriculado',0x47494638396137004A00B30000000000CCCCCC6A6A6A202020999999FFFFFFAFAFAF3F3F3FF2F2F27D7D7D0F0F0F8F8F8FBFBFBFD9D9D95050502F2F2F21F904041400FF002C0000000037004A000004FFB0C849ABBD38EBCDBBFF60288E64699E68AAAE6CEBBE676310B4D1C09E5CEFC48D673A9AE0A100281E02DFAF124C0C8C50E3C0B0ACD49CD1AC825195CC08586D56890B3EC5D947F52B408B09CB5AD1ADFDE9DA746D00C7A01DF25A027C347380506A30340B867589608C638E7890465C2F429450962E3393949B2D7D9E90A02C3A99463F849903AA044494826504A38054AE8580AD6B0E900B5D0D8B8688C009867BC09874705D05017E676203B25D8A86085D7D04BDB66BD68CD883AB8CBB2D4160D1E43D2301DA8AEF0B43A88702F00CC817EEB47FF3AC07494CDED5EAC70AA0B377FC082A047060CFBB740B090E78362E62C429DB2C6A04402B62BD7B617D08BE5A886FC2405F24312444B5922585755E242A4C603255CC8D94A62D60F0C4C104063825862BC02D28ABA1048CCE43AAD4E5CDA6B126B484AAEB80D55C540109B8C733AB2FA9172DD2943095A558B00B8D79CD3472ADAF936EDF648C6BAB225D69C1ECDE3D842D48D9B83E2950844B750A863B07202A1DE0E0D68408003B,'2009-08-05',NULL,NULL,NULL,NULL,NULL),
 (28,000039,18,19,'',NULL,'Inscrito',0x47494638396137004A00B30000000000CCCCCC6A6A6A202020999999FFFFFFAFAFAF3F3F3FF2F2F27D7D7D0F0F0F8F8F8FBFBFBFD9D9D95050502F2F2F21F904041400FF002C0000000037004A000004FFB0C849ABBD38EBCDBBFF60288E64699E68AAAE6CEBBE676310B4D1C09E5CEFC48D673A9AE0A100281E02DFAF124C0C8C50E3C0B0ACD49CD1AC825195CC08586D56890B3EC5D947F52B408B09CB5AD1ADFDE9DA746D00C7A01DF25A027C347380506A30340B867589608C638E7890465C2F429450962E3393949B2D7D9E90A02C3A99463F849903AA044494826504A38054AE8580AD6B0E900B5D0D8B8688C009867BC09874705D05017E676203B25D8A86085D7D04BDB66BD68CD883AB8CBB2D4160D1E43D2301DA8AEF0B43A88702F00CC817EEB47FF3AC07494CDED5EAC70AA0B377FC082A047060CFBB740B090E78362E62C429DB2C6A04402B62BD7B617D08BE5A886FC2405F24312444B5922585755E242A4C603255CC8D94A62D60F0C4C104063825862BC02D28ABA1048CCE43AAD4E5CDA6B126B484AAEB80D55C540109B8C733AB2FA9172DD2943095A558B00B8D79CD3472ADAF936EDF648C6BAB225D69C1ECDE3D842D48D9B83E2950844B750A863B07202A1DE0E0D68408003B,'2009-08-12',NULL,NULL,NULL,NULL,NULL);
/*!40000 ALTER TABLE `matriculas` ENABLE KEYS */;


--
-- Definition of table `meses`
--

DROP TABLE IF EXISTS `meses`;
CREATE TABLE `meses` (
  `codigo` int(11) NOT NULL,
  `descripcion` varchar(20) default NULL,
  `orden` int(11) default NULL,
  `estado` tinyint(1) default NULL,
  `cartera` tinyint(1) default NULL,
  PRIMARY KEY  (`codigo`)
) ENGINE=InnoDB DEFAULT CHARSET=latin1;

--
-- Dumping data for table `meses`
--

/*!40000 ALTER TABLE `meses` DISABLE KEYS */;
/*!40000 ALTER TABLE `meses` ENABLE KEYS */;


--
-- Definition of table `niveles_aprobados`
--

DROP TABLE IF EXISTS `niveles_aprobados`;
CREATE TABLE `niveles_aprobados` (
  `codigonap` int(11) NOT NULL,
  `estudiante` int(11) default NULL,
  `curso` int(11) default NULL,
  `aprovechamiento` double(4,2) default NULL,
  `conduca` double(4,2) default NULL,
  PRIMARY KEY  (`codigonap`),
  KEY `RELATIONSHIP_16_FK` (`estudiante`),
  KEY `RELATIONSHIP_23_FK` (`curso`),
  KEY `FKD9C3CC2EBD19D3D7` (`curso`),
  KEY `FKD9C3CC2EDCD4494F` (`estudiante`),
  CONSTRAINT `FKD9C3CC2EBD19D3D7` FOREIGN KEY (`curso`) REFERENCES `cursos` (`codigocur`),
  CONSTRAINT `FKD9C3CC2EDCD4494F` FOREIGN KEY (`estudiante`) REFERENCES `estudiantes` (`codigoest`),
  CONSTRAINT `FK_nicurso` FOREIGN KEY (`curso`) REFERENCES `cursos` (`codigocur`),
  CONSTRAINT `FK_niveles_aprobados` FOREIGN KEY (`estudiante`) REFERENCES `estudiantes` (`codigoest`)
) ENGINE=InnoDB DEFAULT CHARSET=latin1;

--
-- Dumping data for table `niveles_aprobados`
--

/*!40000 ALTER TABLE `niveles_aprobados` DISABLE KEYS */;
/*!40000 ALTER TABLE `niveles_aprobados` ENABLE KEYS */;


--
-- Definition of table `notanotas`
--

DROP TABLE IF EXISTS `notanotas`;
CREATE TABLE `notanotas` (
  `codigo` int(11) NOT NULL auto_increment,
  `sistema` int(11) default NULL,
  `nota` varchar(200) default NULL,
  PRIMARY KEY  (`codigo`),
  KEY `FK64256317DD5007E1` (`sistema`),
  CONSTRAINT `FK64256317DD5007E1` FOREIGN KEY (`sistema`) REFERENCES `sistemacalificacion` (`codigosis`),
  CONSTRAINT `FK_notanotas` FOREIGN KEY (`sistema`) REFERENCES `sistemacalificacion` (`codigosis`)
) ENGINE=InnoDB DEFAULT CHARSET=latin1;

--
-- Dumping data for table `notanotas`
--

/*!40000 ALTER TABLE `notanotas` DISABLE KEYS */;
INSERT INTO `notanotas` (`codigo`,`sistema`,`nota`) VALUES 
 (1,1,'nota1'),
 (2,2,'nota2'),
 (3,3,'nota3'),
 (5,11,'nota4'),
 (6,4,'nota5'),
 (7,5,'nota6'),
 (8,6,'nota7'),
 (9,12,'nota8'),
 (10,7,'nota9'),
 (11,8,'nota10'),
 (12,9,'nota11'),
 (13,13,'nota12'),
 (14,10,'nota13'),
 (15,14,'nota14'),
 (16,15,'nota15'),
 (17,16,'nota16');
/*!40000 ALTER TABLE `notanotas` ENABLE KEYS */;


--
-- Definition of table `notas`
--

DROP TABLE IF EXISTS `notas`;
CREATE TABLE `notas` (
  `codigonot` varchar(20) NOT NULL,
  `materia` int(11) default NULL,
  `matricula` int(11) default NULL,
  `orden` int(11) default NULL,
  `seimprime` tinyint(1) default '1',
  `promedia` tinyint(1) default '1',
  `cuantitativa` tinyint(1) default '1',
  `observacion` varchar(100) default ' ',
  `disciplina` tinyint(1) default '0',
  `fecha` datetime default NULL,
  `NOTA1` double(8,4) default '0.0000',
  `NOTA2` double(8,4) default '0.0000',
  `NOTA3` double(8,4) default '0.0000',
  `NOTA4` double(8,4) default '0.0000',
  `NOTA5` double(8,4) default '0.0000',
  `NOTA6` double(8,4) default '0.0000',
  `NOTA7` double(8,4) default '0.0000',
  `NOTA8` double(8,4) default '0.0000',
  `NOTA9` double(8,4) default '0.0000',
  `NOTA10` double(8,4) default '0.0000',
  `NOTA11` double(8,4) default '0.0000',
  `NOTA12` double(8,4) default '0.0000',
  `NOTA13` double(8,4) default '0.0000',
  `NOTA14` double(8,4) default '0.0000',
  `NOTA15` double(8,4) default '0.0000',
  `NOTA16` double(8,4) default '0.0000',
  `NOTA17` double(8,4) default '0.0000',
  `NOTA18` double(8,4) default '0.0000',
  `NOTA19` double(8,4) default '0.0000',
  `NOTA20` double(8,4) default '0.0000',
  `NOTA21` double(8,4) default '0.0000',
  `NOTA22` double(8,4) default '0.0000',
  `NOTA23` double(8,4) default '0.0000',
  `NOTA24` double(8,4) default '0.0000',
  `NOTA25` double(8,4) default '0.0000',
  `NOTA26` double(8,4) default '0.0000',
  `NOTA27` double(8,4) default '0.0000',
  `NOTA28` double(8,4) default '0.0000',
  `NOTA29` double(8,4) default '0.0000',
  `NOTA30` double(8,4) default '0.0000',
  `NOTA31` double(8,4) default '0.0000',
  `NOTA32` double(8,4) default '0.0000',
  `NOTA33` double(8,4) default '0.0000',
  `NOTA34` double(8,4) default '0.0000',
  `NOTA35` double(8,4) default '0.0000',
  `NOTA36` double(8,4) default '0.0000',
  `NOTA37` double(8,4) default '0.0000',
  `NOTA38` double(8,4) default '0.0000',
  `NOTA39` double(8,4) default '0.0000',
  `NOTA40` double(8,4) default '0.0000',
  `NOTA41` double(8,4) default '0.0000',
  `NOTA42` double(8,4) default '0.0000',
  `NOTA43` double(8,4) default '0.0000',
  `NOTA44` double(8,4) default '0.0000',
  `NOTA45` double(8,4) default '0.0000',
  `NOTA46` double(8,4) default '0.0000',
  `NOTA47` double(8,4) default '0.0000',
  `NOTA48` double(8,4) default '0.0000',
  `NOTA49` double(8,4) default '0.0000',
  `NOTA50` double(8,4) default '0.0000',
  `NOTA51` double(8,4) default '0.0000',
  `NOTA52` double(8,4) default '0.0000',
  `NOTA53` double(8,4) default '0.0000',
  `NOTA54` double(8,4) default '0.0000',
  `NOTA55` double(8,4) default '0.0000',
  `NOTA56` double(8,4) default '0.0000',
  `NOTA57` double(8,4) default '0.0000',
  `NOTA58` double(8,4) default '0.0000',
  `NOTA59` double(8,4) default '0.0000',
  `NOTA60` double(8,4) default '0.0000',
  `NOTA61` double(8,4) default '0.0000',
  `NOTA62` double(8,4) default '0.0000',
  `NOTA63` double(8,4) default '0.0000',
  `NOTA64` double(8,4) default '0.0000',
  `NOTA65` double(8,4) default '0.0000',
  `NOTA66` double(8,4) default '0.0000',
  `NOTA67` double(8,4) default '0.0000',
  `NOTA68` double(8,4) default '0.0000',
  `NOTA69` double(8,4) default '0.0000',
  `NOTA70` double(8,4) default '0.0000',
  `NOTA71` double(8,4) default '0.0000',
  `NOTA72` double(8,4) default '0.0000',
  `NOTA73` double(8,4) default '0.0000',
  `NOTA74` double(8,4) default '0.0000',
  `NOTA75` double(8,4) default '0.0000',
  `NOTA76` double(8,4) default '0.0000',
  `NOTA77` double(8,4) default '0.0000',
  `NOTA78` double(8,4) default '0.0000',
  `NOTA79` double(8,4) default '0.0000',
  `NOTA80` double(8,4) default '0.0000',
  `NOTA81` double(8,4) default '0.0000',
  `NOTA82` double(8,4) default '0.0000',
  `NOTA83` double(8,4) default '0.0000',
  `NOTA84` double(8,4) default '0.0000',
  `NOTA85` double(8,4) default '0.0000',
  `NOTA86` double(8,4) default '0.0000',
  `NOTA87` double(8,4) default '0.0000',
  `NOTA88` double(8,4) default '0.0000',
  `NOTA89` double(8,4) default '0.0000',
  `NOTA90` double(8,4) default '0.0000',
  PRIMARY KEY  (`codigonot`),
  KEY `FK_detalle_notas` (`matricula`),
  KEY `FK_detalle_notasDCD` (`materia`),
  KEY `FK_detalle_notasSSS` (`orden`),
  KEY `FK6424E45CC4EDE17` (`matricula`),
  KEY `FK6424E45EFE25B6C` (`materia`),
  CONSTRAINT `FK6424E45CC4EDE17` FOREIGN KEY (`matricula`) REFERENCES `matriculas` (`codigomat`),
  CONSTRAINT `FK6424E45EFE25B6C` FOREIGN KEY (`materia`) REFERENCES `global` (`codigo`),
  CONSTRAINT `FK_materias` FOREIGN KEY (`materia`) REFERENCES `global` (`codigo`),
  CONSTRAINT `FK_matriculanotas` FOREIGN KEY (`matricula`) REFERENCES `matriculas` (`codigomat`)
) ENGINE=InnoDB DEFAULT CHARSET=latin1;

--
-- Dumping data for table `notas`
--

/*!40000 ALTER TABLE `notas` DISABLE KEYS */;
INSERT INTO `notas` (`codigonot`,`materia`,`matricula`,`orden`,`seimprime`,`promedia`,`cuantitativa`,`observacion`,`disciplina`,`fecha`,`NOTA1`,`NOTA2`,`NOTA3`,`NOTA4`,`NOTA5`,`NOTA6`,`NOTA7`,`NOTA8`,`NOTA9`,`NOTA10`,`NOTA11`,`NOTA12`,`NOTA13`,`NOTA14`,`NOTA15`,`NOTA16`,`NOTA17`,`NOTA18`,`NOTA19`,`NOTA20`,`NOTA21`,`NOTA22`,`NOTA23`,`NOTA24`,`NOTA25`,`NOTA26`,`NOTA27`,`NOTA28`,`NOTA29`,`NOTA30`,`NOTA31`,`NOTA32`,`NOTA33`,`NOTA34`,`NOTA35`,`NOTA36`,`NOTA37`,`NOTA38`,`NOTA39`,`NOTA40`,`NOTA41`,`NOTA42`,`NOTA43`,`NOTA44`,`NOTA45`,`NOTA46`,`NOTA47`,`NOTA48`,`NOTA49`,`NOTA50`,`NOTA51`,`NOTA52`,`NOTA53`,`NOTA54`,`NOTA55`,`NOTA56`,`NOTA57`,`NOTA58`,`NOTA59`,`NOTA60`,`NOTA61`,`NOTA62`,`NOTA63`,`NOTA64`,`NOTA65`,`NOTA66`,`NOTA67`,`NOTA68`,`NOTA69`,`NOTA70`,`NOTA71`,`NOTA72`,`NOTA73`,`NOTA74`,`NOTA75`,`NOTA76`,`NOTA77`,`NOTA78`,`NOTA79`,`NOTA80`,`NOTA81`,`NOTA82`,`NOTA83`,`NOTA84`,`NOTA85`,`NOTA86`,`NOTA87`,`NOTA88`,`NOTA89`,`NOTA90`) VALUES 
 ('0c4f33dcfd09b924',0,9,100,1,0,1,NULL,0,'2009-08-11 20:53:20',NULL,NULL,NULL,10.0000,NULL,NULL,NULL,10.0000,NULL,NULL,NULL,10.0000,10.0000,10.0000,NULL,10.0000,NULL,NULL,NULL,NULL,NULL,NULL,NULL,NULL,NULL,NULL,NULL,NULL,NULL,NULL,NULL,NULL,NULL,NULL,NULL,NULL,NULL,NULL,NULL,NULL,NULL,NULL,NULL,NULL,NULL,NULL,NULL,NULL,NULL,NULL,NULL,NULL,NULL,NULL,NULL,NULL,NULL,NULL,NULL,NULL,NULL,NULL,NULL,NULL,NULL,NULL,NULL,NULL,NULL,NULL,NULL,NULL,NULL,NULL,NULL,NULL,NULL,NULL,NULL,NULL,NULL,NULL,NULL,NULL,NULL,NULL,NULL,NULL,NULL,NULL),
 ('0c4f35d3914f03c8',0,1,100,1,0,1,NULL,0,'2009-08-11 20:53:20',NULL,NULL,NULL,10.0000,NULL,NULL,NULL,10.0000,NULL,NULL,NULL,10.0000,10.0000,10.0000,NULL,10.0000,NULL,NULL,NULL,NULL,NULL,NULL,NULL,NULL,NULL,NULL,NULL,NULL,NULL,NULL,NULL,NULL,NULL,NULL,NULL,NULL,NULL,NULL,NULL,NULL,NULL,NULL,NULL,NULL,NULL,NULL,NULL,NULL,NULL,NULL,NULL,NULL,NULL,NULL,NULL,NULL,NULL,NULL,NULL,NULL,NULL,NULL,NULL,NULL,NULL,NULL,NULL,NULL,NULL,NULL,NULL,NULL,NULL,NULL,NULL,NULL,NULL,NULL,NULL,NULL,NULL,NULL,NULL,NULL,NULL,NULL,NULL,NULL,NULL,NULL),
 ('0c4f365ea99ca15e',0,4,100,1,0,1,NULL,0,'2009-08-11 20:53:20',NULL,NULL,NULL,10.0000,NULL,NULL,NULL,10.0000,NULL,NULL,NULL,10.0000,10.0000,10.0000,NULL,10.0000,NULL,NULL,NULL,NULL,NULL,NULL,NULL,NULL,NULL,NULL,NULL,NULL,NULL,NULL,NULL,NULL,NULL,NULL,NULL,NULL,NULL,NULL,NULL,NULL,NULL,NULL,NULL,NULL,NULL,NULL,NULL,NULL,NULL,NULL,NULL,NULL,NULL,NULL,NULL,NULL,NULL,NULL,NULL,NULL,NULL,NULL,NULL,NULL,NULL,NULL,NULL,NULL,NULL,NULL,NULL,NULL,NULL,NULL,NULL,NULL,NULL,NULL,NULL,NULL,NULL,NULL,NULL,NULL,NULL,NULL,NULL,NULL,NULL,NULL),
 ('0c4f37f35dc79d00',0,18,100,1,0,1,NULL,0,'2009-08-11 20:53:21',NULL,NULL,NULL,10.0000,NULL,NULL,NULL,10.0000,NULL,NULL,NULL,10.0000,10.0000,10.0000,NULL,10.0000,NULL,NULL,NULL,NULL,NULL,NULL,NULL,NULL,NULL,NULL,NULL,NULL,NULL,NULL,NULL,NULL,NULL,NULL,NULL,NULL,NULL,NULL,NULL,NULL,NULL,NULL,NULL,NULL,NULL,NULL,NULL,NULL,NULL,NULL,NULL,NULL,NULL,NULL,NULL,NULL,NULL,NULL,NULL,NULL,NULL,NULL,NULL,NULL,NULL,NULL,NULL,NULL,NULL,NULL,NULL,NULL,NULL,NULL,NULL,NULL,NULL,NULL,NULL,NULL,NULL,NULL,NULL,NULL,NULL,NULL,NULL,NULL,NULL,NULL),
 ('0c4f384f1fd4a12c',0,10,100,1,0,1,NULL,0,'2009-08-11 20:53:21',NULL,NULL,NULL,10.0000,NULL,NULL,NULL,10.0000,NULL,NULL,NULL,10.0000,10.0000,10.0000,NULL,10.0000,NULL,NULL,NULL,NULL,NULL,NULL,NULL,NULL,NULL,NULL,NULL,NULL,NULL,NULL,NULL,NULL,NULL,NULL,NULL,NULL,NULL,NULL,NULL,NULL,NULL,NULL,NULL,NULL,NULL,NULL,NULL,NULL,NULL,NULL,NULL,NULL,NULL,NULL,NULL,NULL,NULL,NULL,NULL,NULL,NULL,NULL,NULL,NULL,NULL,NULL,NULL,NULL,NULL,NULL,NULL,NULL,NULL,NULL,NULL,NULL,NULL,NULL,NULL,NULL,NULL,NULL,NULL,NULL,NULL,NULL,NULL,NULL,NULL,NULL),
 ('0c4f38eb545a43e5',0,11,100,1,0,1,NULL,0,'2009-08-11 20:53:21',NULL,NULL,NULL,10.0000,NULL,NULL,NULL,10.0000,NULL,NULL,NULL,10.0000,10.0000,10.0000,NULL,10.0000,NULL,NULL,NULL,NULL,NULL,NULL,NULL,NULL,NULL,NULL,NULL,NULL,NULL,NULL,NULL,NULL,NULL,NULL,NULL,NULL,NULL,NULL,NULL,NULL,NULL,NULL,NULL,NULL,NULL,NULL,NULL,NULL,NULL,NULL,NULL,NULL,NULL,NULL,NULL,NULL,NULL,NULL,NULL,NULL,NULL,NULL,NULL,NULL,NULL,NULL,NULL,NULL,NULL,NULL,NULL,NULL,NULL,NULL,NULL,NULL,NULL,NULL,NULL,NULL,NULL,NULL,NULL,NULL,NULL,NULL,NULL,NULL,NULL,NULL),
 ('0c4f392534006df8',0,17,100,1,0,1,NULL,0,'2009-08-11 20:53:21',NULL,NULL,NULL,10.0000,NULL,NULL,NULL,10.0000,NULL,NULL,NULL,10.0000,10.0000,10.0000,NULL,10.0000,NULL,NULL,NULL,NULL,NULL,NULL,NULL,NULL,NULL,NULL,NULL,NULL,NULL,NULL,NULL,NULL,NULL,NULL,NULL,NULL,NULL,NULL,NULL,NULL,NULL,NULL,NULL,NULL,NULL,NULL,NULL,NULL,NULL,NULL,NULL,NULL,NULL,NULL,NULL,NULL,NULL,NULL,NULL,NULL,NULL,NULL,NULL,NULL,NULL,NULL,NULL,NULL,NULL,NULL,NULL,NULL,NULL,NULL,NULL,NULL,NULL,NULL,NULL,NULL,NULL,NULL,NULL,NULL,NULL,NULL,NULL,NULL,NULL,NULL),
 ('0c4f39439835d555',0,3,100,1,0,1,NULL,0,'2009-08-11 20:53:21',NULL,NULL,NULL,10.0000,NULL,NULL,NULL,10.0000,NULL,NULL,NULL,10.0000,10.0000,10.0000,NULL,10.0000,NULL,NULL,NULL,NULL,NULL,NULL,NULL,NULL,NULL,NULL,NULL,NULL,NULL,NULL,NULL,NULL,NULL,NULL,NULL,NULL,NULL,NULL,NULL,NULL,NULL,NULL,NULL,NULL,NULL,NULL,NULL,NULL,NULL,NULL,NULL,NULL,NULL,NULL,NULL,NULL,NULL,NULL,NULL,NULL,NULL,NULL,NULL,NULL,NULL,NULL,NULL,NULL,NULL,NULL,NULL,NULL,NULL,NULL,NULL,NULL,NULL,NULL,NULL,NULL,NULL,NULL,NULL,NULL,NULL,NULL,NULL,NULL,NULL,NULL),
 ('0c4f39658430cc81',0,14,100,1,0,1,NULL,0,'2009-08-11 20:53:21',NULL,NULL,NULL,10.0000,NULL,NULL,NULL,10.0000,NULL,NULL,NULL,10.0000,10.0000,10.0000,NULL,10.0000,NULL,NULL,NULL,NULL,NULL,NULL,NULL,NULL,NULL,NULL,NULL,NULL,NULL,NULL,NULL,NULL,NULL,NULL,NULL,NULL,NULL,NULL,NULL,NULL,NULL,NULL,NULL,NULL,NULL,NULL,NULL,NULL,NULL,NULL,NULL,NULL,NULL,NULL,NULL,NULL,NULL,NULL,NULL,NULL,NULL,NULL,NULL,NULL,NULL,NULL,NULL,NULL,NULL,NULL,NULL,NULL,NULL,NULL,NULL,NULL,NULL,NULL,NULL,NULL,NULL,NULL,NULL,NULL,NULL,NULL,NULL,NULL,NULL,NULL),
 ('0c4f3986d7595fc6',0,5,100,1,0,1,NULL,0,'2009-08-11 20:53:21',NULL,NULL,NULL,10.0000,NULL,NULL,NULL,10.0000,NULL,NULL,NULL,10.0000,10.0000,10.0000,NULL,10.0000,NULL,NULL,NULL,NULL,NULL,NULL,NULL,NULL,NULL,NULL,NULL,NULL,NULL,NULL,NULL,NULL,NULL,NULL,NULL,NULL,NULL,NULL,NULL,NULL,NULL,NULL,NULL,NULL,NULL,NULL,NULL,NULL,NULL,NULL,NULL,NULL,NULL,NULL,NULL,NULL,NULL,NULL,NULL,NULL,NULL,NULL,NULL,NULL,NULL,NULL,NULL,NULL,NULL,NULL,NULL,NULL,NULL,NULL,NULL,NULL,NULL,NULL,NULL,NULL,NULL,NULL,NULL,NULL,NULL,NULL,NULL,NULL,NULL,NULL),
 ('0c4f39a7f9016c73',0,16,100,1,0,1,NULL,0,'2009-08-11 20:53:21',NULL,NULL,NULL,10.0000,NULL,NULL,NULL,10.0000,NULL,NULL,NULL,10.0000,10.0000,10.0000,NULL,10.0000,NULL,NULL,NULL,NULL,NULL,NULL,NULL,NULL,NULL,NULL,NULL,NULL,NULL,NULL,NULL,NULL,NULL,NULL,NULL,NULL,NULL,NULL,NULL,NULL,NULL,NULL,NULL,NULL,NULL,NULL,NULL,NULL,NULL,NULL,NULL,NULL,NULL,NULL,NULL,NULL,NULL,NULL,NULL,NULL,NULL,NULL,NULL,NULL,NULL,NULL,NULL,NULL,NULL,NULL,NULL,NULL,NULL,NULL,NULL,NULL,NULL,NULL,NULL,NULL,NULL,NULL,NULL,NULL,NULL,NULL,NULL,NULL,NULL,NULL),
 ('113290158680ed60',18,9,1,1,1,1,NULL,0,'2009-08-12 19:40:09',15.0000,19.0000,20.0000,18.0000,9.0000,0.0000,0.0000,3.0000,0.0000,0.0000,0.0000,0.0000,21.0000,7.0000,0.0000,7.0000,NULL,NULL,NULL,NULL,NULL,NULL,NULL,NULL,NULL,NULL,NULL,NULL,NULL,NULL,NULL,NULL,NULL,NULL,NULL,NULL,NULL,NULL,NULL,NULL,NULL,NULL,NULL,NULL,NULL,NULL,NULL,NULL,NULL,NULL,NULL,NULL,NULL,NULL,NULL,NULL,NULL,NULL,NULL,NULL,NULL,NULL,NULL,NULL,NULL,NULL,NULL,NULL,NULL,NULL,NULL,NULL,NULL,NULL,NULL,NULL,NULL,NULL,NULL,NULL,NULL,NULL,NULL,NULL,NULL,NULL,NULL,NULL,NULL,NULL),
 ('11329079ebdbc491',18,1,1,1,1,1,NULL,0,'2009-08-12 19:40:09',20.0000,17.0000,20.0000,19.0000,20.0000,0.0000,0.0000,6.6700,0.0000,0.0000,0.0000,0.0000,25.6700,8.5600,0.0000,8.5600,NULL,NULL,NULL,NULL,NULL,NULL,NULL,NULL,NULL,NULL,NULL,NULL,NULL,NULL,NULL,NULL,NULL,NULL,NULL,NULL,NULL,NULL,NULL,NULL,NULL,NULL,NULL,NULL,NULL,NULL,NULL,NULL,NULL,NULL,NULL,NULL,NULL,NULL,NULL,NULL,NULL,NULL,NULL,NULL,NULL,NULL,NULL,NULL,NULL,NULL,NULL,NULL,NULL,NULL,NULL,NULL,NULL,NULL,NULL,NULL,NULL,NULL,NULL,NULL,NULL,NULL,NULL,NULL,NULL,NULL,NULL,NULL,NULL,NULL),
 ('113290b03b093345',18,4,1,1,1,1,NULL,0,'2009-08-12 19:40:09',15.0000,19.0000,20.0000,18.0000,20.0000,18.0000,19.0000,19.0000,19.0000,20.0000,20.0000,19.6700,56.6700,18.8900,0.0000,18.8900,NULL,NULL,NULL,NULL,NULL,NULL,NULL,NULL,NULL,NULL,NULL,NULL,NULL,NULL,NULL,NULL,NULL,NULL,NULL,NULL,NULL,NULL,NULL,NULL,NULL,NULL,NULL,NULL,NULL,NULL,NULL,NULL,NULL,NULL,NULL,NULL,NULL,NULL,NULL,NULL,NULL,NULL,NULL,NULL,NULL,NULL,NULL,NULL,NULL,NULL,NULL,NULL,NULL,NULL,NULL,NULL,NULL,NULL,NULL,NULL,NULL,NULL,NULL,NULL,NULL,NULL,NULL,NULL,NULL,NULL,NULL,NULL,NULL,NULL),
 ('113290dcd6a51107',18,18,1,1,1,1,NULL,0,'2009-08-12 19:40:09',12.0000,17.0000,20.0000,16.3300,7.0000,0.0000,0.0000,2.3300,0.0000,0.0000,0.0000,0.0000,18.6600,6.2200,0.0000,6.2200,NULL,NULL,NULL,NULL,NULL,NULL,NULL,NULL,NULL,NULL,NULL,NULL,NULL,NULL,NULL,NULL,NULL,NULL,NULL,NULL,NULL,NULL,NULL,NULL,NULL,NULL,NULL,NULL,NULL,NULL,NULL,NULL,NULL,NULL,NULL,NULL,NULL,NULL,NULL,NULL,NULL,NULL,NULL,NULL,NULL,NULL,NULL,NULL,NULL,NULL,NULL,NULL,NULL,NULL,NULL,NULL,NULL,NULL,NULL,NULL,NULL,NULL,NULL,NULL,NULL,NULL,NULL,NULL,NULL,NULL,NULL,NULL,NULL,NULL),
 ('1132910965c8fe5f',18,8,1,1,1,1,NULL,0,'2009-08-12 19:40:09',19.0000,18.0000,20.0000,19.0000,20.0000,0.0000,0.0000,6.6700,0.0000,0.0000,0.0000,0.0000,25.6700,8.5600,0.0000,8.5600,NULL,NULL,NULL,NULL,NULL,NULL,NULL,NULL,NULL,NULL,NULL,NULL,NULL,NULL,NULL,NULL,NULL,NULL,NULL,NULL,NULL,NULL,NULL,NULL,NULL,NULL,NULL,NULL,NULL,NULL,NULL,NULL,NULL,NULL,NULL,NULL,NULL,NULL,NULL,NULL,NULL,NULL,NULL,NULL,NULL,NULL,NULL,NULL,NULL,NULL,NULL,NULL,NULL,NULL,NULL,NULL,NULL,NULL,NULL,NULL,NULL,NULL,NULL,NULL,NULL,NULL,NULL,NULL,NULL,NULL,NULL,NULL,NULL,NULL),
 ('113291376b90c565',18,10,1,1,1,1,NULL,0,'2009-08-12 19:40:09',20.0000,10.0000,19.0000,16.3300,20.0000,0.0000,0.0000,6.6700,0.0000,0.0000,0.0000,0.0000,23.0000,7.6700,0.0000,7.6700,NULL,NULL,NULL,NULL,NULL,NULL,NULL,NULL,NULL,NULL,NULL,NULL,NULL,NULL,NULL,NULL,NULL,NULL,NULL,NULL,NULL,NULL,NULL,NULL,NULL,NULL,NULL,NULL,NULL,NULL,NULL,NULL,NULL,NULL,NULL,NULL,NULL,NULL,NULL,NULL,NULL,NULL,NULL,NULL,NULL,NULL,NULL,NULL,NULL,NULL,NULL,NULL,NULL,NULL,NULL,NULL,NULL,NULL,NULL,NULL,NULL,NULL,NULL,NULL,NULL,NULL,NULL,NULL,NULL,NULL,NULL,NULL,NULL,NULL),
 ('1132916c691c231f',18,11,1,1,1,1,NULL,0,'2009-08-12 19:40:09',15.0000,17.0000,19.0000,17.0000,6.0000,0.0000,0.0000,2.0000,0.0000,0.0000,0.0000,0.0000,19.0000,6.3300,0.0000,6.3300,NULL,NULL,NULL,NULL,NULL,NULL,NULL,NULL,NULL,NULL,NULL,NULL,NULL,NULL,NULL,NULL,NULL,NULL,NULL,NULL,NULL,NULL,NULL,NULL,NULL,NULL,NULL,NULL,NULL,NULL,NULL,NULL,NULL,NULL,NULL,NULL,NULL,NULL,NULL,NULL,NULL,NULL,NULL,NULL,NULL,NULL,NULL,NULL,NULL,NULL,NULL,NULL,NULL,NULL,NULL,NULL,NULL,NULL,NULL,NULL,NULL,NULL,NULL,NULL,NULL,NULL,NULL,NULL,NULL,NULL,NULL,NULL,NULL,NULL),
 ('113291989513ed8c',18,17,1,1,1,1,NULL,0,'2009-08-12 19:40:09',17.0000,20.0000,19.0000,18.6700,19.0000,0.0000,0.0000,6.3300,0.0000,0.0000,0.0000,0.0000,25.0000,8.3300,0.0000,8.3300,NULL,NULL,NULL,NULL,NULL,NULL,NULL,NULL,NULL,NULL,NULL,NULL,NULL,NULL,NULL,NULL,NULL,NULL,NULL,NULL,NULL,NULL,NULL,NULL,NULL,NULL,NULL,NULL,NULL,NULL,NULL,NULL,NULL,NULL,NULL,NULL,NULL,NULL,NULL,NULL,NULL,NULL,NULL,NULL,NULL,NULL,NULL,NULL,NULL,NULL,NULL,NULL,NULL,NULL,NULL,NULL,NULL,NULL,NULL,NULL,NULL,NULL,NULL,NULL,NULL,NULL,NULL,NULL,NULL,NULL,NULL,NULL,NULL,NULL),
 ('113291c5adc697cf',18,3,1,1,1,1,NULL,0,'2009-08-12 19:40:09',13.0000,18.0000,20.0000,17.0000,8.0000,0.0000,0.0000,2.6700,0.0000,0.0000,0.0000,0.0000,19.6700,6.5600,0.0000,6.5600,NULL,NULL,NULL,NULL,NULL,NULL,NULL,NULL,NULL,NULL,NULL,NULL,NULL,NULL,NULL,NULL,NULL,NULL,NULL,NULL,NULL,NULL,NULL,NULL,NULL,NULL,NULL,NULL,NULL,NULL,NULL,NULL,NULL,NULL,NULL,NULL,NULL,NULL,NULL,NULL,NULL,NULL,NULL,NULL,NULL,NULL,NULL,NULL,NULL,NULL,NULL,NULL,NULL,NULL,NULL,NULL,NULL,NULL,NULL,NULL,NULL,NULL,NULL,NULL,NULL,NULL,NULL,NULL,NULL,NULL,NULL,NULL,NULL,NULL),
 ('113291e60267da12',18,14,1,1,1,1,NULL,0,'2009-08-12 19:40:09',18.0000,8.0000,20.0000,15.3300,19.0000,0.0000,0.0000,6.3300,0.0000,0.0000,0.0000,0.0000,21.6600,7.2200,0.0000,7.2200,NULL,NULL,NULL,NULL,NULL,NULL,NULL,NULL,NULL,NULL,NULL,NULL,NULL,NULL,NULL,NULL,NULL,NULL,NULL,NULL,NULL,NULL,NULL,NULL,NULL,NULL,NULL,NULL,NULL,NULL,NULL,NULL,NULL,NULL,NULL,NULL,NULL,NULL,NULL,NULL,NULL,NULL,NULL,NULL,NULL,NULL,NULL,NULL,NULL,NULL,NULL,NULL,NULL,NULL,NULL,NULL,NULL,NULL,NULL,NULL,NULL,NULL,NULL,NULL,NULL,NULL,NULL,NULL,NULL,NULL,NULL,NULL,NULL,NULL),
 ('11329207ab86a7d4',18,5,1,1,1,1,NULL,0,'2009-08-12 19:40:09',19.0000,19.0000,18.0000,18.6700,19.0000,0.0000,0.0000,6.3300,0.0000,0.0000,0.0000,0.0000,25.0000,8.3300,0.0000,8.3300,NULL,NULL,NULL,NULL,NULL,NULL,NULL,NULL,NULL,NULL,NULL,NULL,NULL,NULL,NULL,NULL,NULL,NULL,NULL,NULL,NULL,NULL,NULL,NULL,NULL,NULL,NULL,NULL,NULL,NULL,NULL,NULL,NULL,NULL,NULL,NULL,NULL,NULL,NULL,NULL,NULL,NULL,NULL,NULL,NULL,NULL,NULL,NULL,NULL,NULL,NULL,NULL,NULL,NULL,NULL,NULL,NULL,NULL,NULL,NULL,NULL,NULL,NULL,NULL,NULL,NULL,NULL,NULL,NULL,NULL,NULL,NULL,NULL,NULL),
 ('11329229f5c3bd00',18,16,1,1,1,1,NULL,0,'2009-08-12 19:40:10',20.0000,17.0000,20.0000,19.0000,18.0000,0.0000,0.0000,6.0000,0.0000,0.0000,0.0000,0.0000,25.0000,8.3300,0.0000,8.3300,NULL,NULL,NULL,NULL,NULL,NULL,NULL,NULL,NULL,NULL,NULL,NULL,NULL,NULL,NULL,NULL,NULL,NULL,NULL,NULL,NULL,NULL,NULL,NULL,NULL,NULL,NULL,NULL,NULL,NULL,NULL,NULL,NULL,NULL,NULL,NULL,NULL,NULL,NULL,NULL,NULL,NULL,NULL,NULL,NULL,NULL,NULL,NULL,NULL,NULL,NULL,NULL,NULL,NULL,NULL,NULL,NULL,NULL,NULL,NULL,NULL,NULL,NULL,NULL,NULL,NULL,NULL,NULL,NULL,NULL,NULL,NULL,NULL,NULL),
 ('1132945fbe6cdb35',24,9,1,1,1,1,NULL,0,'2009-08-12 19:40:10',9.5000,9.5000,10.0000,9.6600,10.0000,9.5000,10.0000,9.8400,9.5000,9.0000,10.0000,9.5000,29.0000,9.6600,0.0000,9.6600,NULL,NULL,NULL,NULL,NULL,NULL,NULL,NULL,NULL,NULL,NULL,NULL,NULL,NULL,NULL,NULL,NULL,NULL,NULL,NULL,NULL,NULL,NULL,NULL,NULL,NULL,NULL,NULL,NULL,NULL,NULL,NULL,NULL,NULL,NULL,NULL,NULL,NULL,NULL,NULL,NULL,NULL,NULL,NULL,NULL,NULL,NULL,NULL,NULL,NULL,NULL,NULL,NULL,NULL,NULL,NULL,NULL,NULL,NULL,NULL,NULL,NULL,NULL,NULL,NULL,NULL,NULL,NULL,NULL,NULL,NULL,NULL,NULL,NULL),
 ('1132948c9ba003b5',24,1,1,1,1,1,NULL,0,'2009-08-12 19:40:10',17.0000,19.5000,19.0000,18.5000,14.5000,9.5000,10.0000,11.3400,10.0000,10.0000,9.5000,9.8400,39.6700,13.2200,0.0000,13.2200,NULL,NULL,NULL,NULL,NULL,NULL,NULL,NULL,NULL,NULL,NULL,NULL,NULL,NULL,NULL,NULL,NULL,NULL,NULL,NULL,NULL,NULL,NULL,NULL,NULL,NULL,NULL,NULL,NULL,NULL,NULL,NULL,NULL,NULL,NULL,NULL,NULL,NULL,NULL,NULL,NULL,NULL,NULL,NULL,NULL,NULL,NULL,NULL,NULL,NULL,NULL,NULL,NULL,NULL,NULL,NULL,NULL,NULL,NULL,NULL,NULL,NULL,NULL,NULL,NULL,NULL,NULL,NULL,NULL,NULL,NULL,NULL,NULL,NULL),
 ('113294b07158b374',24,4,1,1,1,1,NULL,0,'2009-08-12 19:40:10',18.5000,18.5000,20.0000,19.0000,19.0000,9.5000,10.0000,12.8400,9.5000,9.5000,9.0000,9.3400,41.1700,13.7300,0.0000,13.7300,NULL,NULL,NULL,NULL,NULL,NULL,NULL,NULL,NULL,NULL,NULL,NULL,NULL,NULL,NULL,NULL,NULL,NULL,NULL,NULL,NULL,NULL,NULL,NULL,NULL,NULL,NULL,NULL,NULL,NULL,NULL,NULL,NULL,NULL,NULL,NULL,NULL,NULL,NULL,NULL,NULL,NULL,NULL,NULL,NULL,NULL,NULL,NULL,NULL,NULL,NULL,NULL,NULL,NULL,NULL,NULL,NULL,NULL,NULL,NULL,NULL,NULL,NULL,NULL,NULL,NULL,NULL,NULL,NULL,NULL,NULL,NULL,NULL,NULL),
 ('113294cf8ff9b11c',24,18,1,1,1,1,NULL,0,'2009-08-12 19:40:10',10.0000,10.0000,10.0000,10.0000,10.0000,10.0000,5.0000,8.3400,9.5000,9.5000,9.0000,9.3400,27.6700,9.2200,0.0000,9.2200,NULL,NULL,NULL,NULL,NULL,NULL,NULL,NULL,NULL,NULL,NULL,NULL,NULL,NULL,NULL,NULL,NULL,NULL,NULL,NULL,NULL,NULL,NULL,NULL,NULL,NULL,NULL,NULL,NULL,NULL,NULL,NULL,NULL,NULL,NULL,NULL,NULL,NULL,NULL,NULL,NULL,NULL,NULL,NULL,NULL,NULL,NULL,NULL,NULL,NULL,NULL,NULL,NULL,NULL,NULL,NULL,NULL,NULL,NULL,NULL,NULL,NULL,NULL,NULL,NULL,NULL,NULL,NULL,NULL,NULL,NULL,NULL,NULL,NULL),
 ('113294fbdb752172',24,8,1,1,1,1,NULL,0,'2009-08-12 19:40:10',9.5000,9.5000,10.0000,9.6600,10.0000,9.0000,10.0000,9.6600,10.0000,9.5000,10.0000,9.8400,29.1600,9.7200,0.0000,9.7200,NULL,NULL,NULL,NULL,NULL,NULL,NULL,NULL,NULL,NULL,NULL,NULL,NULL,NULL,NULL,NULL,NULL,NULL,NULL,NULL,NULL,NULL,NULL,NULL,NULL,NULL,NULL,NULL,NULL,NULL,NULL,NULL,NULL,NULL,NULL,NULL,NULL,NULL,NULL,NULL,NULL,NULL,NULL,NULL,NULL,NULL,NULL,NULL,NULL,NULL,NULL,NULL,NULL,NULL,NULL,NULL,NULL,NULL,NULL,NULL,NULL,NULL,NULL,NULL,NULL,NULL,NULL,NULL,NULL,NULL,NULL,NULL,NULL,NULL),
 ('1132951dad85fe22',24,10,1,1,1,1,NULL,0,'2009-08-12 19:40:10',17.0000,19.5000,19.5000,18.6600,19.5000,19.0000,19.5000,19.3400,19.0000,19.5000,20.0000,19.5000,57.5000,19.1600,0.0000,19.1600,NULL,NULL,NULL,NULL,NULL,NULL,NULL,NULL,NULL,NULL,NULL,NULL,NULL,NULL,NULL,NULL,NULL,NULL,NULL,NULL,NULL,NULL,NULL,NULL,NULL,NULL,NULL,NULL,NULL,NULL,NULL,NULL,NULL,NULL,NULL,NULL,NULL,NULL,NULL,NULL,NULL,NULL,NULL,NULL,NULL,NULL,NULL,NULL,NULL,NULL,NULL,NULL,NULL,NULL,NULL,NULL,NULL,NULL,NULL,NULL,NULL,NULL,NULL,NULL,NULL,NULL,NULL,NULL,NULL,NULL,NULL,NULL,NULL,NULL),
 ('1132953e10932dca',24,11,1,1,1,1,NULL,0,'2009-08-12 19:40:10',9.5000,10.0000,10.0000,9.8400,9.5000,9.0000,10.0000,9.5000,9.5000,4.5000,9.0000,7.6700,27.0000,9.0000,0.0000,9.0000,NULL,NULL,NULL,NULL,NULL,NULL,NULL,NULL,NULL,NULL,NULL,NULL,NULL,NULL,NULL,NULL,NULL,NULL,NULL,NULL,NULL,NULL,NULL,NULL,NULL,NULL,NULL,NULL,NULL,NULL,NULL,NULL,NULL,NULL,NULL,NULL,NULL,NULL,NULL,NULL,NULL,NULL,NULL,NULL,NULL,NULL,NULL,NULL,NULL,NULL,NULL,NULL,NULL,NULL,NULL,NULL,NULL,NULL,NULL,NULL,NULL,NULL,NULL,NULL,NULL,NULL,NULL,NULL,NULL,NULL,NULL,NULL,NULL,NULL),
 ('1132955fd4de8cfd',24,17,1,1,1,1,NULL,0,'2009-08-12 19:40:10',16.0000,17.5000,20.0000,17.8300,13.5000,9.5000,10.0000,11.0000,10.0000,10.0000,9.5000,9.8400,38.6600,12.8900,0.0000,12.8900,NULL,NULL,NULL,NULL,NULL,NULL,NULL,NULL,NULL,NULL,NULL,NULL,NULL,NULL,NULL,NULL,NULL,NULL,NULL,NULL,NULL,NULL,NULL,NULL,NULL,NULL,NULL,NULL,NULL,NULL,NULL,NULL,NULL,NULL,NULL,NULL,NULL,NULL,NULL,NULL,NULL,NULL,NULL,NULL,NULL,NULL,NULL,NULL,NULL,NULL,NULL,NULL,NULL,NULL,NULL,NULL,NULL,NULL,NULL,NULL,NULL,NULL,NULL,NULL,NULL,NULL,NULL,NULL,NULL,NULL,NULL,NULL,NULL,NULL),
 ('113295801a0f0d04',24,3,1,1,1,1,NULL,0,'2009-08-12 19:40:10',10.0000,9.5000,9.5000,9.6600,10.0000,10.0000,10.0000,10.0000,9.5000,10.0000,9.5000,9.6600,29.3300,9.7800,0.0000,9.7800,NULL,NULL,NULL,NULL,NULL,NULL,NULL,NULL,NULL,NULL,NULL,NULL,NULL,NULL,NULL,NULL,NULL,NULL,NULL,NULL,NULL,NULL,NULL,NULL,NULL,NULL,NULL,NULL,NULL,NULL,NULL,NULL,NULL,NULL,NULL,NULL,NULL,NULL,NULL,NULL,NULL,NULL,NULL,NULL,NULL,NULL,NULL,NULL,NULL,NULL,NULL,NULL,NULL,NULL,NULL,NULL,NULL,NULL,NULL,NULL,NULL,NULL,NULL,NULL,NULL,NULL,NULL,NULL,NULL,NULL,NULL,NULL,NULL,NULL),
 ('113295a245c387c7',24,14,1,1,1,1,NULL,0,'2009-08-12 19:40:10',14.5000,18.5000,20.0000,17.6600,19.5000,9.0000,10.0000,12.8400,10.0000,10.0000,10.0000,10.0000,40.5000,13.5000,0.0000,13.5000,NULL,NULL,NULL,NULL,NULL,NULL,NULL,NULL,NULL,NULL,NULL,NULL,NULL,NULL,NULL,NULL,NULL,NULL,NULL,NULL,NULL,NULL,NULL,NULL,NULL,NULL,NULL,NULL,NULL,NULL,NULL,NULL,NULL,NULL,NULL,NULL,NULL,NULL,NULL,NULL,NULL,NULL,NULL,NULL,NULL,NULL,NULL,NULL,NULL,NULL,NULL,NULL,NULL,NULL,NULL,NULL,NULL,NULL,NULL,NULL,NULL,NULL,NULL,NULL,NULL,NULL,NULL,NULL,NULL,NULL,NULL,NULL,NULL,NULL),
 ('113295c39675777b',24,5,1,1,1,1,NULL,0,'2009-08-12 19:40:10',20.0000,14.0000,19.0000,17.6600,20.0000,9.0000,10.0000,13.0000,10.0000,10.0000,10.0000,10.0000,40.6600,13.5500,0.0000,13.5500,NULL,NULL,NULL,NULL,NULL,NULL,NULL,NULL,NULL,NULL,NULL,NULL,NULL,NULL,NULL,NULL,NULL,NULL,NULL,NULL,NULL,NULL,NULL,NULL,NULL,NULL,NULL,NULL,NULL,NULL,NULL,NULL,NULL,NULL,NULL,NULL,NULL,NULL,NULL,NULL,NULL,NULL,NULL,NULL,NULL,NULL,NULL,NULL,NULL,NULL,NULL,NULL,NULL,NULL,NULL,NULL,NULL,NULL,NULL,NULL,NULL,NULL,NULL,NULL,NULL,NULL,NULL,NULL,NULL,NULL,NULL,NULL,NULL,NULL),
 ('113295e7a4f9cedd',24,16,1,1,1,1,NULL,0,'2009-08-12 19:40:10',9.0000,10.0000,10.0000,9.6600,4.5000,10.0000,10.0000,8.1600,4.5000,9.5000,9.0000,7.6700,25.5000,8.5000,0.0000,8.5000,NULL,NULL,NULL,NULL,NULL,NULL,NULL,NULL,NULL,NULL,NULL,NULL,NULL,NULL,NULL,NULL,NULL,NULL,NULL,NULL,NULL,NULL,NULL,NULL,NULL,NULL,NULL,NULL,NULL,NULL,NULL,NULL,NULL,NULL,NULL,NULL,NULL,NULL,NULL,NULL,NULL,NULL,NULL,NULL,NULL,NULL,NULL,NULL,NULL,NULL,NULL,NULL,NULL,NULL,NULL,NULL,NULL,NULL,NULL,NULL,NULL,NULL,NULL,NULL,NULL,NULL,NULL,NULL,NULL,NULL,NULL,NULL,NULL,NULL),
 ('37cff0b94061cc87',30,19,NULL,0,0,0,NULL,0,'2009-07-01 14:34:50',0.0000,0.0000,0.0000,0.0000,0.0000,0.0000,0.0000,0.0000,0.0000,0.0000,0.0000,0.0000,0.0000,0.0000,0.0000,0.0000,NULL,0.0000,NULL,NULL,NULL,NULL,NULL,NULL,NULL,NULL,NULL,NULL,NULL,NULL,NULL,NULL,NULL,NULL,NULL,NULL,NULL,NULL,NULL,NULL,NULL,NULL,NULL,NULL,NULL,NULL,NULL,NULL,NULL,NULL,NULL,NULL,NULL,NULL,NULL,NULL,NULL,NULL,NULL,NULL,NULL,NULL,NULL,NULL,NULL,NULL,NULL,NULL,NULL,NULL,NULL,NULL,NULL,NULL,NULL,NULL,NULL,NULL,NULL,NULL,NULL,NULL,NULL,NULL,NULL,NULL,NULL,NULL,NULL,NULL),
 ('37cff162caf1ad4f',30,20,NULL,0,0,0,NULL,0,'2009-07-01 14:34:50',0.0000,0.0000,0.0000,0.0000,0.0000,0.0000,0.0000,0.0000,0.0000,0.0000,0.0000,0.0000,0.0000,0.0000,0.0000,0.0000,NULL,0.0000,NULL,NULL,NULL,NULL,NULL,NULL,NULL,NULL,NULL,NULL,NULL,NULL,NULL,NULL,NULL,NULL,NULL,NULL,NULL,NULL,NULL,NULL,NULL,NULL,NULL,NULL,NULL,NULL,NULL,NULL,NULL,NULL,NULL,NULL,NULL,NULL,NULL,NULL,NULL,NULL,NULL,NULL,NULL,NULL,NULL,NULL,NULL,NULL,NULL,NULL,NULL,NULL,NULL,NULL,NULL,NULL,NULL,NULL,NULL,NULL,NULL,NULL,NULL,NULL,NULL,NULL,NULL,NULL,NULL,NULL,NULL,NULL),
 ('60bc09b488f941ee',17,12,1,1,1,1,NULL,0,'2009-05-20 20:14:44',20.0000,0.0000,0.0000,6.6700,0.0000,0.0000,0.0000,0.0000,0.0000,0.0000,0.0000,0.0000,6.6700,2.2200,0.0000,2.2200,NULL,NULL,NULL,NULL,NULL,NULL,NULL,NULL,NULL,NULL,NULL,NULL,NULL,NULL,NULL,NULL,NULL,NULL,NULL,NULL,NULL,NULL,NULL,NULL,NULL,NULL,NULL,NULL,NULL,NULL,NULL,NULL,NULL,NULL,NULL,NULL,NULL,NULL,NULL,NULL,NULL,NULL,NULL,NULL,NULL,NULL,NULL,NULL,NULL,NULL,NULL,NULL,NULL,NULL,NULL,NULL,NULL,NULL,NULL,NULL,NULL,NULL,NULL,NULL,NULL,NULL,NULL,NULL,NULL,NULL,NULL,NULL,NULL,NULL),
 ('60bc09ee5421b529',17,2,1,1,1,1,NULL,0,'2009-05-20 20:14:44',12.0000,0.0000,0.0000,4.0000,0.0000,0.0000,0.0000,0.0000,0.0000,0.0000,0.0000,0.0000,4.0000,1.3300,0.0000,1.3300,NULL,NULL,NULL,NULL,NULL,NULL,NULL,NULL,NULL,NULL,NULL,NULL,NULL,NULL,NULL,NULL,NULL,NULL,NULL,NULL,NULL,NULL,NULL,NULL,NULL,NULL,NULL,NULL,NULL,NULL,NULL,NULL,NULL,NULL,NULL,NULL,NULL,NULL,NULL,NULL,NULL,NULL,NULL,NULL,NULL,NULL,NULL,NULL,NULL,NULL,NULL,NULL,NULL,NULL,NULL,NULL,NULL,NULL,NULL,NULL,NULL,NULL,NULL,NULL,NULL,NULL,NULL,NULL,NULL,NULL,NULL,NULL,NULL,NULL),
 ('60bc0a1bd4080f3e',17,6,1,1,1,1,NULL,0,'2009-05-20 20:14:44',13.0000,0.0000,0.0000,4.3300,0.0000,0.0000,0.0000,0.0000,0.0000,0.0000,0.0000,0.0000,4.3300,1.4400,0.0000,1.4400,NULL,NULL,NULL,NULL,NULL,NULL,NULL,NULL,NULL,NULL,NULL,NULL,NULL,NULL,NULL,NULL,NULL,NULL,NULL,NULL,NULL,NULL,NULL,NULL,NULL,NULL,NULL,NULL,NULL,NULL,NULL,NULL,NULL,NULL,NULL,NULL,NULL,NULL,NULL,NULL,NULL,NULL,NULL,NULL,NULL,NULL,NULL,NULL,NULL,NULL,NULL,NULL,NULL,NULL,NULL,NULL,NULL,NULL,NULL,NULL,NULL,NULL,NULL,NULL,NULL,NULL,NULL,NULL,NULL,NULL,NULL,NULL,NULL,NULL),
 ('60bc0a3e30f70d03',17,13,1,1,1,1,NULL,0,'2009-05-20 20:14:44',20.0000,0.0000,0.0000,6.6700,0.0000,0.0000,0.0000,0.0000,0.0000,0.0000,0.0000,0.0000,6.6700,2.2200,0.0000,2.2200,NULL,NULL,NULL,NULL,NULL,NULL,NULL,NULL,NULL,NULL,NULL,NULL,NULL,NULL,NULL,NULL,NULL,NULL,NULL,NULL,NULL,NULL,NULL,NULL,NULL,NULL,NULL,NULL,NULL,NULL,NULL,NULL,NULL,NULL,NULL,NULL,NULL,NULL,NULL,NULL,NULL,NULL,NULL,NULL,NULL,NULL,NULL,NULL,NULL,NULL,NULL,NULL,NULL,NULL,NULL,NULL,NULL,NULL,NULL,NULL,NULL,NULL,NULL,NULL,NULL,NULL,NULL,NULL,NULL,NULL,NULL,NULL,NULL,NULL),
 ('60bc0a67caca1f0b',17,15,1,1,1,1,NULL,0,'2009-05-20 20:14:44',12.0000,0.0000,0.0000,4.0000,0.0000,0.0000,0.0000,0.0000,0.0000,0.0000,0.0000,0.0000,4.0000,1.3300,0.0000,1.3300,NULL,NULL,NULL,NULL,NULL,NULL,NULL,NULL,NULL,NULL,NULL,NULL,NULL,NULL,NULL,NULL,NULL,NULL,NULL,NULL,NULL,NULL,NULL,NULL,NULL,NULL,NULL,NULL,NULL,NULL,NULL,NULL,NULL,NULL,NULL,NULL,NULL,NULL,NULL,NULL,NULL,NULL,NULL,NULL,NULL,NULL,NULL,NULL,NULL,NULL,NULL,NULL,NULL,NULL,NULL,NULL,NULL,NULL,NULL,NULL,NULL,NULL,NULL,NULL,NULL,NULL,NULL,NULL,NULL,NULL,NULL,NULL,NULL,NULL),
 ('6177439d2761feeb',8,4,5,1,1,1,NULL,0,'2009-05-20 23:39:14',17.0000,0.0000,0.0000,0.0000,0.0000,0.0000,0.0000,0.0000,0.0000,0.0000,0.0000,0.0000,0.0000,0.0000,0.0000,0.0000,NULL,NULL,NULL,NULL,NULL,NULL,NULL,NULL,NULL,NULL,NULL,NULL,NULL,NULL,NULL,NULL,NULL,NULL,NULL,NULL,NULL,NULL,NULL,NULL,NULL,NULL,NULL,NULL,NULL,NULL,NULL,NULL,NULL,NULL,NULL,NULL,NULL,NULL,NULL,NULL,NULL,NULL,NULL,NULL,NULL,NULL,NULL,NULL,NULL,NULL,NULL,NULL,NULL,NULL,NULL,NULL,NULL,NULL,NULL,NULL,NULL,NULL,NULL,NULL,NULL,NULL,NULL,NULL,NULL,NULL,NULL,NULL,NULL,NULL),
 ('61774412f328780b',8,16,5,1,1,1,NULL,0,'2009-05-20 23:39:14',0.0000,0.0000,0.0000,0.0000,0.0000,0.0000,0.0000,0.0000,0.0000,0.0000,0.0000,0.0000,0.0000,0.0000,0.0000,0.0000,NULL,NULL,NULL,NULL,NULL,NULL,NULL,NULL,NULL,NULL,NULL,NULL,NULL,NULL,NULL,NULL,NULL,NULL,NULL,NULL,NULL,NULL,NULL,NULL,NULL,NULL,NULL,NULL,NULL,NULL,NULL,NULL,NULL,NULL,NULL,NULL,NULL,NULL,NULL,NULL,NULL,NULL,NULL,NULL,NULL,NULL,NULL,NULL,NULL,NULL,NULL,NULL,NULL,NULL,NULL,NULL,NULL,NULL,NULL,NULL,NULL,NULL,NULL,NULL,NULL,NULL,NULL,NULL,NULL,NULL,NULL,NULL,NULL,NULL),
 ('617744560dbae84e',8,11,5,1,1,1,NULL,0,'2009-05-20 23:39:14',0.0000,0.0000,0.0000,0.0000,0.0000,0.0000,0.0000,0.0000,0.0000,0.0000,0.0000,0.0000,0.0000,0.0000,0.0000,0.0000,NULL,NULL,NULL,NULL,NULL,NULL,NULL,NULL,NULL,NULL,NULL,NULL,NULL,NULL,NULL,NULL,NULL,NULL,NULL,NULL,NULL,NULL,NULL,NULL,NULL,NULL,NULL,NULL,NULL,NULL,NULL,NULL,NULL,NULL,NULL,NULL,NULL,NULL,NULL,NULL,NULL,NULL,NULL,NULL,NULL,NULL,NULL,NULL,NULL,NULL,NULL,NULL,NULL,NULL,NULL,NULL,NULL,NULL,NULL,NULL,NULL,NULL,NULL,NULL,NULL,NULL,NULL,NULL,NULL,NULL,NULL,NULL,NULL,NULL),
 ('6177449880902e0d',8,18,5,1,1,1,NULL,0,'2009-05-20 23:39:14',20.0000,12.0000,0.0000,10.6700,0.0000,0.0000,0.0000,0.0000,0.0000,0.0000,0.0000,0.0000,10.6700,3.5600,0.0000,3.5600,NULL,NULL,NULL,NULL,NULL,NULL,NULL,NULL,NULL,NULL,NULL,NULL,NULL,NULL,NULL,NULL,NULL,NULL,NULL,NULL,NULL,NULL,NULL,NULL,NULL,NULL,NULL,NULL,NULL,NULL,NULL,NULL,NULL,NULL,NULL,NULL,NULL,NULL,NULL,NULL,NULL,NULL,NULL,NULL,NULL,NULL,NULL,NULL,NULL,NULL,NULL,NULL,NULL,NULL,NULL,NULL,NULL,NULL,NULL,NULL,NULL,NULL,NULL,NULL,NULL,NULL,NULL,NULL,NULL,NULL,NULL,NULL,NULL,NULL),
 ('617744f5757623bd',8,3,5,1,1,1,NULL,0,'2009-05-20 23:39:14',0.0000,0.0000,0.0000,0.0000,0.0000,0.0000,0.0000,0.0000,0.0000,0.0000,0.0000,0.0000,0.0000,0.0000,0.0000,0.0000,NULL,NULL,NULL,NULL,NULL,NULL,NULL,NULL,NULL,NULL,NULL,NULL,NULL,NULL,NULL,NULL,NULL,NULL,NULL,NULL,NULL,NULL,NULL,NULL,NULL,NULL,NULL,NULL,NULL,NULL,NULL,NULL,NULL,NULL,NULL,NULL,NULL,NULL,NULL,NULL,NULL,NULL,NULL,NULL,NULL,NULL,NULL,NULL,NULL,NULL,NULL,NULL,NULL,NULL,NULL,NULL,NULL,NULL,NULL,NULL,NULL,NULL,NULL,NULL,NULL,NULL,NULL,NULL,NULL,NULL,NULL,NULL,NULL,NULL),
 ('61774534ed2388d4',8,9,5,1,1,1,NULL,0,'2009-05-20 23:39:14',0.0000,0.0000,0.0000,0.0000,0.0000,0.0000,0.0000,0.0000,0.0000,0.0000,0.0000,0.0000,0.0000,0.0000,0.0000,0.0000,NULL,NULL,NULL,NULL,NULL,NULL,NULL,NULL,NULL,NULL,NULL,NULL,NULL,NULL,NULL,NULL,NULL,NULL,NULL,NULL,NULL,NULL,NULL,NULL,NULL,NULL,NULL,NULL,NULL,NULL,NULL,NULL,NULL,NULL,NULL,NULL,NULL,NULL,NULL,NULL,NULL,NULL,NULL,NULL,NULL,NULL,NULL,NULL,NULL,NULL,NULL,NULL,NULL,NULL,NULL,NULL,NULL,NULL,NULL,NULL,NULL,NULL,NULL,NULL,NULL,NULL,NULL,NULL,NULL,NULL,NULL,NULL,NULL,NULL),
 ('617745762639bbbd',8,8,5,1,1,1,NULL,0,'2009-05-20 23:39:15',0.0000,0.0000,0.0000,0.0000,0.0000,0.0000,0.0000,0.0000,0.0000,0.0000,0.0000,0.0000,0.0000,0.0000,0.0000,0.0000,NULL,NULL,NULL,NULL,NULL,NULL,NULL,NULL,NULL,NULL,NULL,NULL,NULL,NULL,NULL,NULL,NULL,NULL,NULL,NULL,NULL,NULL,NULL,NULL,NULL,NULL,NULL,NULL,NULL,NULL,NULL,NULL,NULL,NULL,NULL,NULL,NULL,NULL,NULL,NULL,NULL,NULL,NULL,NULL,NULL,NULL,NULL,NULL,NULL,NULL,NULL,NULL,NULL,NULL,NULL,NULL,NULL,NULL,NULL,NULL,NULL,NULL,NULL,NULL,NULL,NULL,NULL,NULL,NULL,NULL,NULL,NULL,NULL,NULL),
 ('617745bea033accd',8,10,5,1,1,1,NULL,0,'2009-05-20 23:39:15',0.0000,0.0000,0.0000,0.0000,0.0000,0.0000,0.0000,0.0000,0.0000,0.0000,0.0000,0.0000,0.0000,0.0000,0.0000,0.0000,NULL,NULL,NULL,NULL,NULL,NULL,NULL,NULL,NULL,NULL,NULL,NULL,NULL,NULL,NULL,NULL,NULL,NULL,NULL,NULL,NULL,NULL,NULL,NULL,NULL,NULL,NULL,NULL,NULL,NULL,NULL,NULL,NULL,NULL,NULL,NULL,NULL,NULL,NULL,NULL,NULL,NULL,NULL,NULL,NULL,NULL,NULL,NULL,NULL,NULL,NULL,NULL,NULL,NULL,NULL,NULL,NULL,NULL,NULL,NULL,NULL,NULL,NULL,NULL,NULL,NULL,NULL,NULL,NULL,NULL,NULL,NULL,NULL,NULL),
 ('617746064d5d07ef',8,1,5,1,1,1,NULL,0,'2009-05-20 23:39:15',0.0000,0.0000,0.0000,0.0000,0.0000,0.0000,0.0000,0.0000,0.0000,0.0000,0.0000,0.0000,0.0000,0.0000,0.0000,0.0000,NULL,NULL,NULL,NULL,NULL,NULL,NULL,NULL,NULL,NULL,NULL,NULL,NULL,NULL,NULL,NULL,NULL,NULL,NULL,NULL,NULL,NULL,NULL,NULL,NULL,NULL,NULL,NULL,NULL,NULL,NULL,NULL,NULL,NULL,NULL,NULL,NULL,NULL,NULL,NULL,NULL,NULL,NULL,NULL,NULL,NULL,NULL,NULL,NULL,NULL,NULL,NULL,NULL,NULL,NULL,NULL,NULL,NULL,NULL,NULL,NULL,NULL,NULL,NULL,NULL,NULL,NULL,NULL,NULL,NULL,NULL,NULL,NULL,NULL),
 ('617746496e388e6d',8,14,5,1,1,1,NULL,0,'2009-05-20 23:39:15',0.0000,0.0000,0.0000,0.0000,0.0000,0.0000,0.0000,0.0000,0.0000,0.0000,0.0000,0.0000,0.0000,0.0000,0.0000,0.0000,NULL,NULL,NULL,NULL,NULL,NULL,NULL,NULL,NULL,NULL,NULL,NULL,NULL,NULL,NULL,NULL,NULL,NULL,NULL,NULL,NULL,NULL,NULL,NULL,NULL,NULL,NULL,NULL,NULL,NULL,NULL,NULL,NULL,NULL,NULL,NULL,NULL,NULL,NULL,NULL,NULL,NULL,NULL,NULL,NULL,NULL,NULL,NULL,NULL,NULL,NULL,NULL,NULL,NULL,NULL,NULL,NULL,NULL,NULL,NULL,NULL,NULL,NULL,NULL,NULL,NULL,NULL,NULL,NULL,NULL,NULL,NULL,NULL,NULL),
 ('617746971449a2dd',8,5,5,1,1,1,NULL,0,'2009-05-20 23:39:15',0.0000,0.0000,0.0000,0.0000,0.0000,0.0000,0.0000,0.0000,0.0000,0.0000,0.0000,0.0000,0.0000,0.0000,0.0000,0.0000,NULL,NULL,NULL,NULL,NULL,NULL,NULL,NULL,NULL,NULL,NULL,NULL,NULL,NULL,NULL,NULL,NULL,NULL,NULL,NULL,NULL,NULL,NULL,NULL,NULL,NULL,NULL,NULL,NULL,NULL,NULL,NULL,NULL,NULL,NULL,NULL,NULL,NULL,NULL,NULL,NULL,NULL,NULL,NULL,NULL,NULL,NULL,NULL,NULL,NULL,NULL,NULL,NULL,NULL,NULL,NULL,NULL,NULL,NULL,NULL,NULL,NULL,NULL,NULL,NULL,NULL,NULL,NULL,NULL,NULL,NULL,NULL,NULL,NULL),
 ('617746dded9f227a',8,17,5,1,1,1,NULL,0,'2009-05-20 23:39:15',0.0000,0.0000,0.0000,0.0000,0.0000,0.0000,0.0000,0.0000,0.0000,0.0000,0.0000,0.0000,0.0000,0.0000,0.0000,0.0000,NULL,NULL,NULL,NULL,NULL,NULL,NULL,NULL,NULL,NULL,NULL,NULL,NULL,NULL,NULL,NULL,NULL,NULL,NULL,NULL,NULL,NULL,NULL,NULL,NULL,NULL,NULL,NULL,NULL,NULL,NULL,NULL,NULL,NULL,NULL,NULL,NULL,NULL,NULL,NULL,NULL,NULL,NULL,NULL,NULL,NULL,NULL,NULL,NULL,NULL,NULL,NULL,NULL,NULL,NULL,NULL,NULL,NULL,NULL,NULL,NULL,NULL,NULL,NULL,NULL,NULL,NULL,NULL,NULL,NULL,NULL,NULL,NULL,NULL),
 ('61af528079f09a19',27,4,10,1,0,0,NULL,0,'2009-05-21 00:40:28',18.0000,0.0000,0.0000,0.0000,0.0000,0.0000,0.0000,0.0000,0.0000,0.0000,0.0000,0.0000,0.0000,0.0000,0.0000,0.0000,NULL,NULL,NULL,NULL,NULL,NULL,NULL,NULL,NULL,NULL,NULL,NULL,NULL,NULL,NULL,NULL,NULL,NULL,NULL,NULL,NULL,NULL,NULL,NULL,NULL,NULL,NULL,NULL,NULL,NULL,NULL,NULL,NULL,NULL,NULL,NULL,NULL,NULL,NULL,NULL,NULL,NULL,NULL,NULL,NULL,NULL,NULL,NULL,NULL,NULL,NULL,NULL,NULL,NULL,NULL,NULL,NULL,NULL,NULL,NULL,NULL,NULL,NULL,NULL,NULL,NULL,NULL,NULL,NULL,NULL,NULL,NULL,NULL,NULL),
 ('61af531d45747de2',27,16,10,1,0,0,NULL,0,'2009-05-21 00:40:28',0.0000,0.0000,0.0000,0.0000,0.0000,0.0000,0.0000,0.0000,0.0000,0.0000,0.0000,0.0000,0.0000,0.0000,0.0000,0.0000,NULL,NULL,NULL,NULL,NULL,NULL,NULL,NULL,NULL,NULL,NULL,NULL,NULL,NULL,NULL,NULL,NULL,NULL,NULL,NULL,NULL,NULL,NULL,NULL,NULL,NULL,NULL,NULL,NULL,NULL,NULL,NULL,NULL,NULL,NULL,NULL,NULL,NULL,NULL,NULL,NULL,NULL,NULL,NULL,NULL,NULL,NULL,NULL,NULL,NULL,NULL,NULL,NULL,NULL,NULL,NULL,NULL,NULL,NULL,NULL,NULL,NULL,NULL,NULL,NULL,NULL,NULL,NULL,NULL,NULL,NULL,NULL,NULL,NULL),
 ('61af538a2179cd52',27,11,10,1,0,0,NULL,0,'2009-05-21 00:40:28',0.0000,0.0000,0.0000,0.0000,0.0000,0.0000,0.0000,0.0000,0.0000,0.0000,0.0000,0.0000,0.0000,0.0000,0.0000,0.0000,NULL,NULL,NULL,NULL,NULL,NULL,NULL,NULL,NULL,NULL,NULL,NULL,NULL,NULL,NULL,NULL,NULL,NULL,NULL,NULL,NULL,NULL,NULL,NULL,NULL,NULL,NULL,NULL,NULL,NULL,NULL,NULL,NULL,NULL,NULL,NULL,NULL,NULL,NULL,NULL,NULL,NULL,NULL,NULL,NULL,NULL,NULL,NULL,NULL,NULL,NULL,NULL,NULL,NULL,NULL,NULL,NULL,NULL,NULL,NULL,NULL,NULL,NULL,NULL,NULL,NULL,NULL,NULL,NULL,NULL,NULL,NULL,NULL,NULL),
 ('61af53e2c0948f33',27,18,10,1,0,0,NULL,0,'2009-05-21 00:40:28',15.0000,20.0000,0.0000,11.6700,0.0000,0.0000,0.0000,0.0000,0.0000,0.0000,0.0000,0.0000,11.6700,3.8900,0.0000,3.8900,NULL,NULL,NULL,NULL,NULL,NULL,NULL,NULL,NULL,NULL,NULL,NULL,NULL,NULL,NULL,NULL,NULL,NULL,NULL,NULL,NULL,NULL,NULL,NULL,NULL,NULL,NULL,NULL,NULL,NULL,NULL,NULL,NULL,NULL,NULL,NULL,NULL,NULL,NULL,NULL,NULL,NULL,NULL,NULL,NULL,NULL,NULL,NULL,NULL,NULL,NULL,NULL,NULL,NULL,NULL,NULL,NULL,NULL,NULL,NULL,NULL,NULL,NULL,NULL,NULL,NULL,NULL,NULL,NULL,NULL,NULL,NULL,NULL,NULL),
 ('61af54269ea9cefb',27,3,10,1,0,0,NULL,0,'2009-05-21 00:40:28',15.0000,0.0000,0.0000,5.0000,0.0000,0.0000,0.0000,0.0000,0.0000,0.0000,0.0000,0.0000,5.0000,1.6700,0.0000,1.6700,NULL,NULL,NULL,NULL,NULL,NULL,NULL,NULL,NULL,NULL,NULL,NULL,NULL,NULL,NULL,NULL,NULL,NULL,NULL,NULL,NULL,NULL,NULL,NULL,NULL,NULL,NULL,NULL,NULL,NULL,NULL,NULL,NULL,NULL,NULL,NULL,NULL,NULL,NULL,NULL,NULL,NULL,NULL,NULL,NULL,NULL,NULL,NULL,NULL,NULL,NULL,NULL,NULL,NULL,NULL,NULL,NULL,NULL,NULL,NULL,NULL,NULL,NULL,NULL,NULL,NULL,NULL,NULL,NULL,NULL,NULL,NULL,NULL,NULL),
 ('61af5468d168f675',27,9,10,1,0,0,NULL,0,'2009-05-21 00:40:28',15.0000,0.0000,0.0000,5.0000,0.0000,0.0000,0.0000,0.0000,0.0000,0.0000,0.0000,0.0000,5.0000,1.6700,0.0000,1.6700,NULL,NULL,NULL,NULL,NULL,NULL,NULL,NULL,NULL,NULL,NULL,NULL,NULL,NULL,NULL,NULL,NULL,NULL,NULL,NULL,NULL,NULL,NULL,NULL,NULL,NULL,NULL,NULL,NULL,NULL,NULL,NULL,NULL,NULL,NULL,NULL,NULL,NULL,NULL,NULL,NULL,NULL,NULL,NULL,NULL,NULL,NULL,NULL,NULL,NULL,NULL,NULL,NULL,NULL,NULL,NULL,NULL,NULL,NULL,NULL,NULL,NULL,NULL,NULL,NULL,NULL,NULL,NULL,NULL,NULL,NULL,NULL,NULL,NULL),
 ('61af54ab69635bd3',27,8,10,1,0,0,NULL,0,'2009-05-21 00:40:28',15.0000,0.0000,0.0000,5.0000,0.0000,0.0000,0.0000,0.0000,0.0000,0.0000,0.0000,0.0000,5.0000,1.6700,0.0000,1.6700,NULL,NULL,NULL,NULL,NULL,NULL,NULL,NULL,NULL,NULL,NULL,NULL,NULL,NULL,NULL,NULL,NULL,NULL,NULL,NULL,NULL,NULL,NULL,NULL,NULL,NULL,NULL,NULL,NULL,NULL,NULL,NULL,NULL,NULL,NULL,NULL,NULL,NULL,NULL,NULL,NULL,NULL,NULL,NULL,NULL,NULL,NULL,NULL,NULL,NULL,NULL,NULL,NULL,NULL,NULL,NULL,NULL,NULL,NULL,NULL,NULL,NULL,NULL,NULL,NULL,NULL,NULL,NULL,NULL,NULL,NULL,NULL,NULL,NULL),
 ('61af54eeb21fa1d5',27,10,10,1,0,0,NULL,0,'2009-05-21 00:40:29',5.0000,0.0000,0.0000,1.6700,0.0000,0.0000,0.0000,0.0000,0.0000,0.0000,0.0000,0.0000,1.6700,0.5600,0.0000,0.5600,NULL,NULL,NULL,NULL,NULL,NULL,NULL,NULL,NULL,NULL,NULL,NULL,NULL,NULL,NULL,NULL,NULL,NULL,NULL,NULL,NULL,NULL,NULL,NULL,NULL,NULL,NULL,NULL,NULL,NULL,NULL,NULL,NULL,NULL,NULL,NULL,NULL,NULL,NULL,NULL,NULL,NULL,NULL,NULL,NULL,NULL,NULL,NULL,NULL,NULL,NULL,NULL,NULL,NULL,NULL,NULL,NULL,NULL,NULL,NULL,NULL,NULL,NULL,NULL,NULL,NULL,NULL,NULL,NULL,NULL,NULL,NULL,NULL,NULL),
 ('61af553bf0a665b4',27,1,10,1,0,0,NULL,0,'2009-05-21 00:40:29',15.0000,0.0000,0.0000,5.0000,0.0000,0.0000,0.0000,0.0000,0.0000,0.0000,0.0000,0.0000,5.0000,1.6700,0.0000,1.6700,NULL,NULL,NULL,NULL,NULL,NULL,NULL,NULL,NULL,NULL,NULL,NULL,NULL,NULL,NULL,NULL,NULL,NULL,NULL,NULL,NULL,NULL,NULL,NULL,NULL,NULL,NULL,NULL,NULL,NULL,NULL,NULL,NULL,NULL,NULL,NULL,NULL,NULL,NULL,NULL,NULL,NULL,NULL,NULL,NULL,NULL,NULL,NULL,NULL,NULL,NULL,NULL,NULL,NULL,NULL,NULL,NULL,NULL,NULL,NULL,NULL,NULL,NULL,NULL,NULL,NULL,NULL,NULL,NULL,NULL,NULL,NULL,NULL,NULL),
 ('61af558368b4632b',27,14,10,1,0,0,NULL,0,'2009-05-21 00:40:29',16.0000,0.0000,0.0000,5.3300,0.0000,0.0000,0.0000,0.0000,0.0000,0.0000,0.0000,0.0000,5.3300,1.7800,0.0000,1.7800,NULL,NULL,NULL,NULL,NULL,NULL,NULL,NULL,NULL,NULL,NULL,NULL,NULL,NULL,NULL,NULL,NULL,NULL,NULL,NULL,NULL,NULL,NULL,NULL,NULL,NULL,NULL,NULL,NULL,NULL,NULL,NULL,NULL,NULL,NULL,NULL,NULL,NULL,NULL,NULL,NULL,NULL,NULL,NULL,NULL,NULL,NULL,NULL,NULL,NULL,NULL,NULL,NULL,NULL,NULL,NULL,NULL,NULL,NULL,NULL,NULL,NULL,NULL,NULL,NULL,NULL,NULL,NULL,NULL,NULL,NULL,NULL,NULL,NULL),
 ('61af55ccaa997040',27,5,10,1,0,0,NULL,0,'2009-05-21 00:40:29',6.0000,0.0000,0.0000,2.0000,0.0000,0.0000,0.0000,0.0000,0.0000,0.0000,0.0000,0.0000,2.0000,0.6700,0.0000,0.6700,NULL,NULL,NULL,NULL,NULL,NULL,NULL,NULL,NULL,NULL,NULL,NULL,NULL,NULL,NULL,NULL,NULL,NULL,NULL,NULL,NULL,NULL,NULL,NULL,NULL,NULL,NULL,NULL,NULL,NULL,NULL,NULL,NULL,NULL,NULL,NULL,NULL,NULL,NULL,NULL,NULL,NULL,NULL,NULL,NULL,NULL,NULL,NULL,NULL,NULL,NULL,NULL,NULL,NULL,NULL,NULL,NULL,NULL,NULL,NULL,NULL,NULL,NULL,NULL,NULL,NULL,NULL,NULL,NULL,NULL,NULL,NULL,NULL,NULL),
 ('61af561a4919a4ec',27,17,10,1,0,0,NULL,0,'2009-05-21 00:40:29',17.0000,0.0000,0.0000,5.6700,0.0000,0.0000,0.0000,0.0000,0.0000,0.0000,0.0000,0.0000,5.6700,1.8900,0.0000,1.8900,NULL,NULL,NULL,NULL,NULL,NULL,NULL,NULL,NULL,NULL,NULL,NULL,NULL,NULL,NULL,NULL,NULL,NULL,NULL,NULL,NULL,NULL,NULL,NULL,NULL,NULL,NULL,NULL,NULL,NULL,NULL,NULL,NULL,NULL,NULL,NULL,NULL,NULL,NULL,NULL,NULL,NULL,NULL,NULL,NULL,NULL,NULL,NULL,NULL,NULL,NULL,NULL,NULL,NULL,NULL,NULL,NULL,NULL,NULL,NULL,NULL,NULL,NULL,NULL,NULL,NULL,NULL,NULL,NULL,NULL,NULL,NULL,NULL,NULL),
 ('bf111b35af3b90b4',17,4,2,1,1,1,NULL,0,'2009-07-27 20:54:45',17.0000,20.0000,20.0000,19.0000,18.0000,19.0000,20.0000,19.0000,19.0000,19.0000,18.0000,18.6700,56.6700,18.8900,0.0000,18.8900,NULL,NULL,NULL,NULL,NULL,NULL,NULL,NULL,NULL,NULL,NULL,NULL,NULL,NULL,NULL,NULL,NULL,NULL,NULL,NULL,NULL,NULL,NULL,NULL,NULL,NULL,NULL,NULL,NULL,NULL,NULL,NULL,NULL,NULL,NULL,NULL,NULL,NULL,NULL,NULL,NULL,NULL,NULL,NULL,NULL,NULL,NULL,NULL,NULL,NULL,NULL,NULL,NULL,NULL,NULL,NULL,NULL,NULL,NULL,NULL,NULL,NULL,NULL,NULL,NULL,NULL,NULL,NULL,NULL,NULL,NULL,NULL,NULL,NULL),
 ('bf111b79452170d6',17,16,2,1,1,1,NULL,0,'2009-07-27 20:54:45',18.0000,20.0000,20.0000,19.3300,9.0000,20.0000,20.0000,16.3300,9.0000,19.0000,18.0000,15.3300,50.9900,17.0000,0.0000,17.0000,NULL,NULL,NULL,NULL,NULL,NULL,NULL,NULL,NULL,NULL,NULL,NULL,NULL,NULL,NULL,NULL,NULL,NULL,NULL,NULL,NULL,NULL,NULL,NULL,NULL,NULL,NULL,NULL,NULL,NULL,NULL,NULL,NULL,NULL,NULL,NULL,NULL,NULL,NULL,NULL,NULL,NULL,NULL,NULL,NULL,NULL,NULL,NULL,NULL,NULL,NULL,NULL,NULL,NULL,NULL,NULL,NULL,NULL,NULL,NULL,NULL,NULL,NULL,NULL,NULL,NULL,NULL,NULL,NULL,NULL,NULL,NULL,NULL,NULL),
 ('bf111ba52bbe6bbd',17,11,2,1,1,1,NULL,0,'2009-07-27 20:54:45',19.0000,20.0000,20.0000,19.6700,19.0000,18.0000,20.0000,19.0000,19.0000,9.0000,18.0000,15.3300,54.0000,18.0000,0.0000,18.0000,NULL,NULL,NULL,NULL,NULL,NULL,NULL,NULL,NULL,NULL,NULL,NULL,NULL,NULL,NULL,NULL,NULL,NULL,NULL,NULL,NULL,NULL,NULL,NULL,NULL,NULL,NULL,NULL,NULL,NULL,NULL,NULL,NULL,NULL,NULL,NULL,NULL,NULL,NULL,NULL,NULL,NULL,NULL,NULL,NULL,NULL,NULL,NULL,NULL,NULL,NULL,NULL,NULL,NULL,NULL,NULL,NULL,NULL,NULL,NULL,NULL,NULL,NULL,NULL,NULL,NULL,NULL,NULL,NULL,NULL,NULL,NULL,NULL,NULL),
 ('bf111be85db548c9',17,18,2,1,1,1,NULL,0,'2009-07-27 20:54:45',20.0000,20.0000,20.0000,20.0000,20.0000,20.0000,10.0000,16.6700,19.0000,19.0000,18.0000,18.6700,55.3400,18.4500,0.0000,18.4500,NULL,NULL,NULL,NULL,NULL,NULL,NULL,NULL,NULL,NULL,NULL,NULL,NULL,NULL,NULL,NULL,NULL,NULL,NULL,NULL,NULL,NULL,NULL,NULL,NULL,NULL,NULL,NULL,NULL,NULL,NULL,NULL,NULL,NULL,NULL,NULL,NULL,NULL,NULL,NULL,NULL,NULL,NULL,NULL,NULL,NULL,NULL,NULL,NULL,NULL,NULL,NULL,NULL,NULL,NULL,NULL,NULL,NULL,NULL,NULL,NULL,NULL,NULL,NULL,NULL,NULL,NULL,NULL,NULL,NULL,NULL,NULL,NULL,NULL),
 ('bf111c1fa0132345',17,3,2,1,1,1,NULL,0,'2009-07-27 20:54:45',20.0000,19.0000,19.0000,19.3300,20.0000,20.0000,20.0000,20.0000,19.0000,20.0000,19.0000,19.3300,58.6600,19.5500,0.0000,19.5500,NULL,NULL,NULL,NULL,NULL,NULL,NULL,NULL,NULL,NULL,NULL,NULL,NULL,NULL,NULL,NULL,NULL,NULL,NULL,NULL,NULL,NULL,NULL,NULL,NULL,NULL,NULL,NULL,NULL,NULL,NULL,NULL,NULL,NULL,NULL,NULL,NULL,NULL,NULL,NULL,NULL,NULL,NULL,NULL,NULL,NULL,NULL,NULL,NULL,NULL,NULL,NULL,NULL,NULL,NULL,NULL,NULL,NULL,NULL,NULL,NULL,NULL,NULL,NULL,NULL,NULL,NULL,NULL,NULL,NULL,NULL,NULL,NULL,NULL),
 ('bf111c5727650012',17,9,2,1,1,1,NULL,0,'2009-07-27 20:54:45',19.0000,19.0000,20.0000,19.3300,20.0000,19.0000,20.0000,19.6700,19.0000,18.0000,20.0000,19.0000,58.0000,19.3300,0.0000,19.3300,NULL,NULL,NULL,NULL,NULL,NULL,NULL,NULL,NULL,NULL,NULL,NULL,NULL,NULL,NULL,NULL,NULL,NULL,NULL,NULL,NULL,NULL,NULL,NULL,NULL,NULL,NULL,NULL,NULL,NULL,NULL,NULL,NULL,NULL,NULL,NULL,NULL,NULL,NULL,NULL,NULL,NULL,NULL,NULL,NULL,NULL,NULL,NULL,NULL,NULL,NULL,NULL,NULL,NULL,NULL,NULL,NULL,NULL,NULL,NULL,NULL,NULL,NULL,NULL,NULL,NULL,NULL,NULL,NULL,NULL,NULL,NULL,NULL,NULL),
 ('bf111c83b3ab1872',17,10,2,1,1,1,NULL,0,'2009-07-27 20:54:45',19.0000,20.0000,19.0000,19.3300,19.0000,20.0000,20.0000,19.6700,19.0000,19.0000,20.0000,19.3300,58.3300,19.4400,0.0000,19.4400,NULL,NULL,NULL,NULL,NULL,NULL,NULL,NULL,NULL,NULL,NULL,NULL,NULL,NULL,NULL,NULL,NULL,NULL,NULL,NULL,NULL,NULL,NULL,NULL,NULL,NULL,NULL,NULL,NULL,NULL,NULL,NULL,NULL,NULL,NULL,NULL,NULL,NULL,NULL,NULL,NULL,NULL,NULL,NULL,NULL,NULL,NULL,NULL,NULL,NULL,NULL,NULL,NULL,NULL,NULL,NULL,NULL,NULL,NULL,NULL,NULL,NULL,NULL,NULL,NULL,NULL,NULL,NULL,NULL,NULL,NULL,NULL,NULL,NULL),
 ('bf111cb02ba1393f',17,8,2,1,1,1,NULL,0,'2009-07-27 20:54:45',19.0000,19.0000,20.0000,19.3300,20.0000,18.0000,20.0000,19.3300,20.0000,19.0000,20.0000,19.6700,58.3300,19.4400,0.0000,19.4400,NULL,NULL,NULL,NULL,NULL,NULL,NULL,NULL,NULL,NULL,NULL,NULL,NULL,NULL,NULL,NULL,NULL,NULL,NULL,NULL,NULL,NULL,NULL,NULL,NULL,NULL,NULL,NULL,NULL,NULL,NULL,NULL,NULL,NULL,NULL,NULL,NULL,NULL,NULL,NULL,NULL,NULL,NULL,NULL,NULL,NULL,NULL,NULL,NULL,NULL,NULL,NULL,NULL,NULL,NULL,NULL,NULL,NULL,NULL,NULL,NULL,NULL,NULL,NULL,NULL,NULL,NULL,NULL,NULL,NULL,NULL,NULL,NULL,NULL),
 ('bf111ce8aa4f3c76',17,1,2,1,1,1,NULL,0,'2009-07-27 20:54:45',19.0000,20.0000,18.0000,19.0000,20.0000,19.0000,20.0000,19.6700,20.0000,20.0000,19.0000,19.6700,58.3400,19.4500,0.0000,19.4500,NULL,NULL,NULL,NULL,NULL,NULL,NULL,NULL,NULL,NULL,NULL,NULL,NULL,NULL,NULL,NULL,NULL,NULL,NULL,NULL,NULL,NULL,NULL,NULL,NULL,NULL,NULL,NULL,NULL,NULL,NULL,NULL,NULL,NULL,NULL,NULL,NULL,NULL,NULL,NULL,NULL,NULL,NULL,NULL,NULL,NULL,NULL,NULL,NULL,NULL,NULL,NULL,NULL,NULL,NULL,NULL,NULL,NULL,NULL,NULL,NULL,NULL,NULL,NULL,NULL,NULL,NULL,NULL,NULL,NULL,NULL,NULL,NULL,NULL),
 ('bf111d2a7e68f7a1',17,14,2,1,1,1,NULL,0,'2009-07-27 20:54:45',10.0000,19.0000,20.0000,16.3300,19.0000,18.0000,20.0000,19.0000,20.0000,20.0000,20.0000,20.0000,55.3300,18.4400,0.0000,18.4400,NULL,NULL,NULL,NULL,NULL,NULL,NULL,NULL,NULL,NULL,NULL,NULL,NULL,NULL,NULL,NULL,NULL,NULL,NULL,NULL,NULL,NULL,NULL,NULL,NULL,NULL,NULL,NULL,NULL,NULL,NULL,NULL,NULL,NULL,NULL,NULL,NULL,NULL,NULL,NULL,NULL,NULL,NULL,NULL,NULL,NULL,NULL,NULL,NULL,NULL,NULL,NULL,NULL,NULL,NULL,NULL,NULL,NULL,NULL,NULL,NULL,NULL,NULL,NULL,NULL,NULL,NULL,NULL,NULL,NULL,NULL,NULL,NULL,NULL),
 ('bf111d6d231744e4',17,5,2,1,1,1,NULL,0,'2009-07-27 20:54:45',20.0000,18.0000,19.0000,19.0000,20.0000,18.0000,20.0000,19.3300,20.0000,20.0000,20.0000,20.0000,58.3300,19.4400,0.0000,19.4400,NULL,NULL,NULL,NULL,NULL,NULL,NULL,NULL,NULL,NULL,NULL,NULL,NULL,NULL,NULL,NULL,NULL,NULL,NULL,NULL,NULL,NULL,NULL,NULL,NULL,NULL,NULL,NULL,NULL,NULL,NULL,NULL,NULL,NULL,NULL,NULL,NULL,NULL,NULL,NULL,NULL,NULL,NULL,NULL,NULL,NULL,NULL,NULL,NULL,NULL,NULL,NULL,NULL,NULL,NULL,NULL,NULL,NULL,NULL,NULL,NULL,NULL,NULL,NULL,NULL,NULL,NULL,NULL,NULL,NULL,NULL,NULL,NULL,NULL),
 ('bf111d99d604b9e4',17,17,2,1,1,1,NULL,0,'2009-07-27 20:54:45',20.0000,18.0000,20.0000,19.3300,20.0000,19.0000,20.0000,19.6700,20.0000,20.0000,19.0000,19.6700,58.6700,19.5600,0.0000,19.5600,NULL,NULL,NULL,NULL,NULL,NULL,NULL,NULL,NULL,NULL,NULL,NULL,NULL,NULL,NULL,NULL,NULL,NULL,NULL,NULL,NULL,NULL,NULL,NULL,NULL,NULL,NULL,NULL,NULL,NULL,NULL,NULL,NULL,NULL,NULL,NULL,NULL,NULL,NULL,NULL,NULL,NULL,NULL,NULL,NULL,NULL,NULL,NULL,NULL,NULL,NULL,NULL,NULL,NULL,NULL,NULL,NULL,NULL,NULL,NULL,NULL,NULL,NULL,NULL,NULL,NULL,NULL,NULL,NULL,NULL,NULL,NULL,NULL,NULL),
 ('bf14c6ea7d0ffc60',26,4,4,1,1,0,NULL,0,'2009-07-27 20:58:45',16.0000,19.0000,20.0000,18.3300,0.0000,0.0000,0.0000,0.0000,0.0000,0.0000,0.0000,0.0000,18.3300,6.1100,0.0000,6.1100,NULL,NULL,NULL,NULL,NULL,NULL,NULL,NULL,NULL,NULL,NULL,NULL,NULL,NULL,NULL,NULL,NULL,NULL,NULL,NULL,NULL,NULL,NULL,NULL,NULL,NULL,NULL,NULL,NULL,NULL,NULL,NULL,NULL,NULL,NULL,NULL,NULL,NULL,NULL,NULL,NULL,NULL,NULL,NULL,NULL,NULL,NULL,NULL,NULL,NULL,NULL,NULL,NULL,NULL,NULL,NULL,NULL,NULL,NULL,NULL,NULL,NULL,NULL,NULL,NULL,NULL,NULL,NULL,NULL,NULL,NULL,NULL,NULL,NULL),
 ('bf14c726c72fd60e',26,16,4,1,1,0,NULL,0,'2009-07-27 20:58:45',20.0000,9.0000,0.0000,9.6700,0.0000,0.0000,0.0000,0.0000,0.0000,0.0000,0.0000,0.0000,9.6700,3.2200,0.0000,3.2200,NULL,NULL,NULL,NULL,NULL,NULL,NULL,NULL,NULL,NULL,NULL,NULL,NULL,NULL,NULL,NULL,NULL,NULL,NULL,NULL,NULL,NULL,NULL,NULL,NULL,NULL,NULL,NULL,NULL,NULL,NULL,NULL,NULL,NULL,NULL,NULL,NULL,NULL,NULL,NULL,NULL,NULL,NULL,NULL,NULL,NULL,NULL,NULL,NULL,NULL,NULL,NULL,NULL,NULL,NULL,NULL,NULL,NULL,NULL,NULL,NULL,NULL,NULL,NULL,NULL,NULL,NULL,NULL,NULL,NULL,NULL,NULL,NULL,NULL),
 ('bf14c752de975e94',26,11,4,1,1,0,NULL,0,'2009-07-27 20:58:45',19.0000,20.0000,20.0000,19.6700,0.0000,0.0000,0.0000,0.0000,0.0000,0.0000,0.0000,0.0000,19.6700,6.5600,0.0000,6.5600,NULL,NULL,NULL,NULL,NULL,NULL,NULL,NULL,NULL,NULL,NULL,NULL,NULL,NULL,NULL,NULL,NULL,NULL,NULL,NULL,NULL,NULL,NULL,NULL,NULL,NULL,NULL,NULL,NULL,NULL,NULL,NULL,NULL,NULL,NULL,NULL,NULL,NULL,NULL,NULL,NULL,NULL,NULL,NULL,NULL,NULL,NULL,NULL,NULL,NULL,NULL,NULL,NULL,NULL,NULL,NULL,NULL,NULL,NULL,NULL,NULL,NULL,NULL,NULL,NULL,NULL,NULL,NULL,NULL,NULL,NULL,NULL,NULL,NULL),
 ('bf14c77f0c61bcf5',26,18,4,1,1,0,NULL,0,'2009-07-27 20:58:45',20.0000,19.0000,20.0000,19.6700,0.0000,0.0000,0.0000,0.0000,0.0000,0.0000,0.0000,0.0000,19.6700,6.5600,0.0000,6.5600,NULL,NULL,NULL,NULL,NULL,NULL,NULL,NULL,NULL,NULL,NULL,NULL,NULL,NULL,NULL,NULL,NULL,NULL,NULL,NULL,NULL,NULL,NULL,NULL,NULL,NULL,NULL,NULL,NULL,NULL,NULL,NULL,NULL,NULL,NULL,NULL,NULL,NULL,NULL,NULL,NULL,NULL,NULL,NULL,NULL,NULL,NULL,NULL,NULL,NULL,NULL,NULL,NULL,NULL,NULL,NULL,NULL,NULL,NULL,NULL,NULL,NULL,NULL,NULL,NULL,NULL,NULL,NULL,NULL,NULL,NULL,NULL,NULL,NULL),
 ('bf14c7ab81560971',26,3,4,1,1,0,NULL,0,'2009-07-27 20:58:45',20.0000,0.0000,19.0000,13.0000,0.0000,0.0000,0.0000,0.0000,0.0000,0.0000,0.0000,0.0000,13.0000,4.3300,0.0000,4.3300,NULL,NULL,NULL,NULL,NULL,NULL,NULL,NULL,NULL,NULL,NULL,NULL,NULL,NULL,NULL,NULL,NULL,NULL,NULL,NULL,NULL,NULL,NULL,NULL,NULL,NULL,NULL,NULL,NULL,NULL,NULL,NULL,NULL,NULL,NULL,NULL,NULL,NULL,NULL,NULL,NULL,NULL,NULL,NULL,NULL,NULL,NULL,NULL,NULL,NULL,NULL,NULL,NULL,NULL,NULL,NULL,NULL,NULL,NULL,NULL,NULL,NULL,NULL,NULL,NULL,NULL,NULL,NULL,NULL,NULL,NULL,NULL,NULL,NULL),
 ('bf14c7d874b37788',26,9,4,1,1,0,NULL,0,'2009-07-27 20:58:45',20.0000,20.0000,19.0000,19.6700,0.0000,0.0000,0.0000,0.0000,0.0000,0.0000,0.0000,0.0000,19.6700,6.5600,0.0000,6.5600,NULL,NULL,NULL,NULL,NULL,NULL,NULL,NULL,NULL,NULL,NULL,NULL,NULL,NULL,NULL,NULL,NULL,NULL,NULL,NULL,NULL,NULL,NULL,NULL,NULL,NULL,NULL,NULL,NULL,NULL,NULL,NULL,NULL,NULL,NULL,NULL,NULL,NULL,NULL,NULL,NULL,NULL,NULL,NULL,NULL,NULL,NULL,NULL,NULL,NULL,NULL,NULL,NULL,NULL,NULL,NULL,NULL,NULL,NULL,NULL,NULL,NULL,NULL,NULL,NULL,NULL,NULL,NULL,NULL,NULL,NULL,NULL,NULL,NULL),
 ('bf14c80433b14cc3',26,10,4,1,1,0,NULL,0,'2009-07-27 20:58:46',20.0000,20.0000,19.0000,19.6700,0.0000,0.0000,0.0000,0.0000,0.0000,0.0000,0.0000,0.0000,19.6700,6.5600,0.0000,6.5600,NULL,NULL,NULL,NULL,NULL,NULL,NULL,NULL,NULL,NULL,NULL,NULL,NULL,NULL,NULL,NULL,NULL,NULL,NULL,NULL,NULL,NULL,NULL,NULL,NULL,NULL,NULL,NULL,NULL,NULL,NULL,NULL,NULL,NULL,NULL,NULL,NULL,NULL,NULL,NULL,NULL,NULL,NULL,NULL,NULL,NULL,NULL,NULL,NULL,NULL,NULL,NULL,NULL,NULL,NULL,NULL,NULL,NULL,NULL,NULL,NULL,NULL,NULL,NULL,NULL,NULL,NULL,NULL,NULL,NULL,NULL,NULL,NULL,NULL),
 ('bf14c83131d8177b',26,8,4,1,1,0,NULL,0,'2009-07-27 20:58:46',20.0000,9.0000,19.0000,16.0000,0.0000,0.0000,0.0000,0.0000,0.0000,0.0000,0.0000,0.0000,16.0000,5.3300,0.0000,5.3300,NULL,NULL,NULL,NULL,NULL,NULL,NULL,NULL,NULL,NULL,NULL,NULL,NULL,NULL,NULL,NULL,NULL,NULL,NULL,NULL,NULL,NULL,NULL,NULL,NULL,NULL,NULL,NULL,NULL,NULL,NULL,NULL,NULL,NULL,NULL,NULL,NULL,NULL,NULL,NULL,NULL,NULL,NULL,NULL,NULL,NULL,NULL,NULL,NULL,NULL,NULL,NULL,NULL,NULL,NULL,NULL,NULL,NULL,NULL,NULL,NULL,NULL,NULL,NULL,NULL,NULL,NULL,NULL,NULL,NULL,NULL,NULL,NULL,NULL),
 ('bf14c85da29d7a6d',26,1,4,1,1,0,NULL,0,'2009-07-27 20:58:46',20.0000,20.0000,20.0000,20.0000,0.0000,0.0000,0.0000,0.0000,0.0000,0.0000,0.0000,0.0000,20.0000,6.6700,0.0000,6.6700,NULL,NULL,NULL,NULL,NULL,NULL,NULL,NULL,NULL,NULL,NULL,NULL,NULL,NULL,NULL,NULL,NULL,NULL,NULL,NULL,NULL,NULL,NULL,NULL,NULL,NULL,NULL,NULL,NULL,NULL,NULL,NULL,NULL,NULL,NULL,NULL,NULL,NULL,NULL,NULL,NULL,NULL,NULL,NULL,NULL,NULL,NULL,NULL,NULL,NULL,NULL,NULL,NULL,NULL,NULL,NULL,NULL,NULL,NULL,NULL,NULL,NULL,NULL,NULL,NULL,NULL,NULL,NULL,NULL,NULL,NULL,NULL,NULL,NULL),
 ('bf14c88aa8c513ce',26,14,4,1,1,0,NULL,0,'2009-07-27 20:58:46',19.0000,20.0000,19.0000,19.3300,0.0000,0.0000,0.0000,0.0000,0.0000,0.0000,0.0000,0.0000,19.3300,6.4400,0.0000,6.4400,NULL,NULL,NULL,NULL,NULL,NULL,NULL,NULL,NULL,NULL,NULL,NULL,NULL,NULL,NULL,NULL,NULL,NULL,NULL,NULL,NULL,NULL,NULL,NULL,NULL,NULL,NULL,NULL,NULL,NULL,NULL,NULL,NULL,NULL,NULL,NULL,NULL,NULL,NULL,NULL,NULL,NULL,NULL,NULL,NULL,NULL,NULL,NULL,NULL,NULL,NULL,NULL,NULL,NULL,NULL,NULL,NULL,NULL,NULL,NULL,NULL,NULL,NULL,NULL,NULL,NULL,NULL,NULL,NULL,NULL,NULL,NULL,NULL,NULL),
 ('bf14c8b643771711',26,5,4,1,1,0,NULL,0,'2009-07-27 20:58:46',19.0000,19.0000,20.0000,19.3300,0.0000,0.0000,0.0000,0.0000,0.0000,0.0000,0.0000,0.0000,19.3300,6.4400,0.0000,6.4400,NULL,NULL,NULL,NULL,NULL,NULL,NULL,NULL,NULL,NULL,NULL,NULL,NULL,NULL,NULL,NULL,NULL,NULL,NULL,NULL,NULL,NULL,NULL,NULL,NULL,NULL,NULL,NULL,NULL,NULL,NULL,NULL,NULL,NULL,NULL,NULL,NULL,NULL,NULL,NULL,NULL,NULL,NULL,NULL,NULL,NULL,NULL,NULL,NULL,NULL,NULL,NULL,NULL,NULL,NULL,NULL,NULL,NULL,NULL,NULL,NULL,NULL,NULL,NULL,NULL,NULL,NULL,NULL,NULL,NULL,NULL,NULL,NULL,NULL),
 ('bf14c8e2484b2c17',26,17,4,1,1,0,NULL,0,'2009-07-27 20:58:46',20.0000,20.0000,10.0000,16.6700,0.0000,0.0000,0.0000,0.0000,0.0000,0.0000,0.0000,0.0000,16.6700,5.5600,0.0000,5.5600,NULL,NULL,NULL,NULL,NULL,NULL,NULL,NULL,NULL,NULL,NULL,NULL,NULL,NULL,NULL,NULL,NULL,NULL,NULL,NULL,NULL,NULL,NULL,NULL,NULL,NULL,NULL,NULL,NULL,NULL,NULL,NULL,NULL,NULL,NULL,NULL,NULL,NULL,NULL,NULL,NULL,NULL,NULL,NULL,NULL,NULL,NULL,NULL,NULL,NULL,NULL,NULL,NULL,NULL,NULL,NULL,NULL,NULL,NULL,NULL,NULL,NULL,NULL,NULL,NULL,NULL,NULL,NULL,NULL,NULL,NULL,NULL,NULL,NULL),
 ('efcc39e4f09e5dbc',18,9,1,1,1,1,NULL,1,'2009-08-06 08:00:54',NULL,NULL,NULL,0.0000,NULL,NULL,NULL,0.0000,NULL,NULL,NULL,0.0000,0.0000,0.0000,NULL,NULL,NULL,NULL,NULL,NULL,NULL,NULL,NULL,NULL,NULL,NULL,NULL,NULL,NULL,NULL,NULL,NULL,NULL,NULL,NULL,NULL,NULL,NULL,NULL,NULL,NULL,NULL,NULL,NULL,NULL,NULL,NULL,NULL,NULL,NULL,NULL,NULL,NULL,NULL,NULL,NULL,NULL,NULL,NULL,NULL,NULL,NULL,NULL,NULL,NULL,NULL,NULL,NULL,NULL,NULL,NULL,NULL,NULL,NULL,NULL,NULL,NULL,NULL,NULL,NULL,NULL,NULL,NULL,NULL,NULL,NULL,NULL,NULL,NULL,NULL),
 ('efcc3a259a2066d0',18,1,1,1,1,1,NULL,1,'2009-08-06 08:00:54',NULL,NULL,NULL,0.0000,NULL,NULL,NULL,0.0000,NULL,NULL,NULL,0.0000,0.0000,0.0000,NULL,NULL,NULL,NULL,NULL,NULL,NULL,NULL,NULL,NULL,NULL,NULL,NULL,NULL,NULL,NULL,NULL,NULL,NULL,NULL,NULL,NULL,NULL,NULL,NULL,NULL,NULL,NULL,NULL,NULL,NULL,NULL,NULL,NULL,NULL,NULL,NULL,NULL,NULL,NULL,NULL,NULL,NULL,NULL,NULL,NULL,NULL,NULL,NULL,NULL,NULL,NULL,NULL,NULL,NULL,NULL,NULL,NULL,NULL,NULL,NULL,NULL,NULL,NULL,NULL,NULL,NULL,NULL,NULL,NULL,NULL,NULL,NULL,NULL,NULL,NULL),
 ('efcc3a501760bd3c',18,4,1,1,1,1,NULL,1,'2009-08-06 08:00:54',NULL,NULL,NULL,0.0000,NULL,NULL,NULL,0.0000,NULL,NULL,NULL,0.0000,0.0000,0.0000,NULL,NULL,NULL,NULL,NULL,NULL,NULL,NULL,NULL,NULL,NULL,NULL,NULL,NULL,NULL,NULL,NULL,NULL,NULL,NULL,NULL,NULL,NULL,NULL,NULL,NULL,NULL,NULL,NULL,NULL,NULL,NULL,NULL,NULL,NULL,NULL,NULL,NULL,NULL,NULL,NULL,NULL,NULL,NULL,NULL,NULL,NULL,NULL,NULL,NULL,NULL,NULL,NULL,NULL,NULL,NULL,NULL,NULL,NULL,NULL,NULL,NULL,NULL,NULL,NULL,NULL,NULL,NULL,NULL,NULL,NULL,NULL,NULL,NULL,NULL,NULL),
 ('efcc3a716bf213b1',18,18,1,1,1,1,NULL,1,'2009-08-06 08:00:54',NULL,NULL,NULL,0.0000,NULL,NULL,NULL,0.0000,NULL,NULL,NULL,0.0000,0.0000,0.0000,NULL,NULL,NULL,NULL,NULL,NULL,NULL,NULL,NULL,NULL,NULL,NULL,NULL,NULL,NULL,NULL,NULL,NULL,NULL,NULL,NULL,NULL,NULL,NULL,NULL,NULL,NULL,NULL,NULL,NULL,NULL,NULL,NULL,NULL,NULL,NULL,NULL,NULL,NULL,NULL,NULL,NULL,NULL,NULL,NULL,NULL,NULL,NULL,NULL,NULL,NULL,NULL,NULL,NULL,NULL,NULL,NULL,NULL,NULL,NULL,NULL,NULL,NULL,NULL,NULL,NULL,NULL,NULL,NULL,NULL,NULL,NULL,NULL,NULL,NULL,NULL),
 ('efcc3a9fe4800cee',18,8,1,1,1,1,NULL,1,'2009-08-06 08:00:54',NULL,NULL,NULL,0.0000,NULL,NULL,NULL,0.0000,NULL,NULL,NULL,0.0000,0.0000,0.0000,NULL,NULL,NULL,NULL,NULL,NULL,NULL,NULL,NULL,NULL,NULL,NULL,NULL,NULL,NULL,NULL,NULL,NULL,NULL,NULL,NULL,NULL,NULL,NULL,NULL,NULL,NULL,NULL,NULL,NULL,NULL,NULL,NULL,NULL,NULL,NULL,NULL,NULL,NULL,NULL,NULL,NULL,NULL,NULL,NULL,NULL,NULL,NULL,NULL,NULL,NULL,NULL,NULL,NULL,NULL,NULL,NULL,NULL,NULL,NULL,NULL,NULL,NULL,NULL,NULL,NULL,NULL,NULL,NULL,NULL,NULL,NULL,NULL,NULL,NULL,NULL),
 ('efcc3afc2b91bf89',18,10,1,1,1,1,NULL,1,'2009-08-06 08:00:54',NULL,NULL,NULL,0.0000,NULL,NULL,NULL,0.0000,NULL,NULL,NULL,0.0000,0.0000,0.0000,NULL,NULL,NULL,NULL,NULL,NULL,NULL,NULL,NULL,NULL,NULL,NULL,NULL,NULL,NULL,NULL,NULL,NULL,NULL,NULL,NULL,NULL,NULL,NULL,NULL,NULL,NULL,NULL,NULL,NULL,NULL,NULL,NULL,NULL,NULL,NULL,NULL,NULL,NULL,NULL,NULL,NULL,NULL,NULL,NULL,NULL,NULL,NULL,NULL,NULL,NULL,NULL,NULL,NULL,NULL,NULL,NULL,NULL,NULL,NULL,NULL,NULL,NULL,NULL,NULL,NULL,NULL,NULL,NULL,NULL,NULL,NULL,NULL,NULL,NULL,NULL),
 ('efcc3b23c91f07ee',18,11,1,1,1,1,NULL,1,'2009-08-06 08:00:54',NULL,NULL,NULL,0.0000,NULL,NULL,NULL,0.0000,NULL,NULL,NULL,0.0000,0.0000,0.0000,NULL,NULL,NULL,NULL,NULL,NULL,NULL,NULL,NULL,NULL,NULL,NULL,NULL,NULL,NULL,NULL,NULL,NULL,NULL,NULL,NULL,NULL,NULL,NULL,NULL,NULL,NULL,NULL,NULL,NULL,NULL,NULL,NULL,NULL,NULL,NULL,NULL,NULL,NULL,NULL,NULL,NULL,NULL,NULL,NULL,NULL,NULL,NULL,NULL,NULL,NULL,NULL,NULL,NULL,NULL,NULL,NULL,NULL,NULL,NULL,NULL,NULL,NULL,NULL,NULL,NULL,NULL,NULL,NULL,NULL,NULL,NULL,NULL,NULL,NULL,NULL),
 ('efcc3b4fdf15eb7c',18,17,1,1,1,1,NULL,1,'2009-08-06 08:00:54',NULL,NULL,NULL,0.0000,NULL,NULL,NULL,0.0000,NULL,NULL,NULL,0.0000,0.0000,0.0000,NULL,NULL,NULL,NULL,NULL,NULL,NULL,NULL,NULL,NULL,NULL,NULL,NULL,NULL,NULL,NULL,NULL,NULL,NULL,NULL,NULL,NULL,NULL,NULL,NULL,NULL,NULL,NULL,NULL,NULL,NULL,NULL,NULL,NULL,NULL,NULL,NULL,NULL,NULL,NULL,NULL,NULL,NULL,NULL,NULL,NULL,NULL,NULL,NULL,NULL,NULL,NULL,NULL,NULL,NULL,NULL,NULL,NULL,NULL,NULL,NULL,NULL,NULL,NULL,NULL,NULL,NULL,NULL,NULL,NULL,NULL,NULL,NULL,NULL,NULL,NULL),
 ('efcc3b719b90d39a',18,3,1,1,1,1,NULL,1,'2009-08-06 08:00:55',NULL,NULL,NULL,0.0000,NULL,NULL,NULL,0.0000,NULL,NULL,NULL,0.0000,0.0000,0.0000,NULL,NULL,NULL,NULL,NULL,NULL,NULL,NULL,NULL,NULL,NULL,NULL,NULL,NULL,NULL,NULL,NULL,NULL,NULL,NULL,NULL,NULL,NULL,NULL,NULL,NULL,NULL,NULL,NULL,NULL,NULL,NULL,NULL,NULL,NULL,NULL,NULL,NULL,NULL,NULL,NULL,NULL,NULL,NULL,NULL,NULL,NULL,NULL,NULL,NULL,NULL,NULL,NULL,NULL,NULL,NULL,NULL,NULL,NULL,NULL,NULL,NULL,NULL,NULL,NULL,NULL,NULL,NULL,NULL,NULL,NULL,NULL,NULL,NULL,NULL,NULL),
 ('efcc3b9d5c2f033b',18,14,1,1,1,1,NULL,1,'2009-08-06 08:00:55',NULL,NULL,NULL,0.0000,NULL,NULL,NULL,0.0000,NULL,NULL,NULL,0.0000,0.0000,0.0000,NULL,NULL,NULL,NULL,NULL,NULL,NULL,NULL,NULL,NULL,NULL,NULL,NULL,NULL,NULL,NULL,NULL,NULL,NULL,NULL,NULL,NULL,NULL,NULL,NULL,NULL,NULL,NULL,NULL,NULL,NULL,NULL,NULL,NULL,NULL,NULL,NULL,NULL,NULL,NULL,NULL,NULL,NULL,NULL,NULL,NULL,NULL,NULL,NULL,NULL,NULL,NULL,NULL,NULL,NULL,NULL,NULL,NULL,NULL,NULL,NULL,NULL,NULL,NULL,NULL,NULL,NULL,NULL,NULL,NULL,NULL,NULL,NULL,NULL,NULL,NULL),
 ('efcc3bbe14e8baa0',18,5,1,1,1,1,NULL,1,'2009-08-06 08:00:55',NULL,NULL,NULL,0.0000,NULL,NULL,NULL,0.0000,NULL,NULL,NULL,0.0000,0.0000,0.0000,NULL,NULL,NULL,NULL,NULL,NULL,NULL,NULL,NULL,NULL,NULL,NULL,NULL,NULL,NULL,NULL,NULL,NULL,NULL,NULL,NULL,NULL,NULL,NULL,NULL,NULL,NULL,NULL,NULL,NULL,NULL,NULL,NULL,NULL,NULL,NULL,NULL,NULL,NULL,NULL,NULL,NULL,NULL,NULL,NULL,NULL,NULL,NULL,NULL,NULL,NULL,NULL,NULL,NULL,NULL,NULL,NULL,NULL,NULL,NULL,NULL,NULL,NULL,NULL,NULL,NULL,NULL,NULL,NULL,NULL,NULL,NULL,NULL,NULL,NULL,NULL),
 ('efcc3bebda899670',18,16,1,1,1,1,NULL,1,'2009-08-06 08:00:55',NULL,NULL,NULL,0.0000,NULL,NULL,NULL,0.0000,NULL,NULL,NULL,0.0000,0.0000,0.0000,NULL,NULL,NULL,NULL,NULL,NULL,NULL,NULL,NULL,NULL,NULL,NULL,NULL,NULL,NULL,NULL,NULL,NULL,NULL,NULL,NULL,NULL,NULL,NULL,NULL,NULL,NULL,NULL,NULL,NULL,NULL,NULL,NULL,NULL,NULL,NULL,NULL,NULL,NULL,NULL,NULL,NULL,NULL,NULL,NULL,NULL,NULL,NULL,NULL,NULL,NULL,NULL,NULL,NULL,NULL,NULL,NULL,NULL,NULL,NULL,NULL,NULL,NULL,NULL,NULL,NULL,NULL,NULL,NULL,NULL,NULL,NULL,NULL,NULL,NULL,NULL);
/*!40000 ALTER TABLE `notas` ENABLE KEYS */;


--
-- Definition of table `notasacta`
--

DROP TABLE IF EXISTS `notasacta`;
CREATE TABLE `notasacta` (
  `codigo` varchar(20) NOT NULL default '',
  `matricula` int(11) default NULL,
  `numeroacta` int(11) default NULL,
  `fecha` date default NULL,
  `nota1` double(9,3) default NULL,
  `nota2` double(9,3) default NULL,
  `nota3` double(9,3) default NULL,
  `nota4` double(9,3) default NULL,
  `nota5` double(9,3) default NULL,
  `nota6` double(9,3) default NULL,
  `nota7` double(9,3) default NULL,
  `nota8` double(9,3) default NULL,
  `nota9` double(9,3) default NULL,
  `nota10` double(9,3) default NULL,
  `nota11` double(9,3) default NULL,
  `nota12` double(9,3) default NULL,
  `nota13` double(9,3) default NULL,
  `equivalencia` varchar(100) default NULL,
  PRIMARY KEY  (`codigo`),
  KEY `FK_matriculaass` (`matricula`),
  CONSTRAINT `FK_notasactaMatricula` FOREIGN KEY (`matricula`) REFERENCES `matriculas` (`codigomat`)
) ENGINE=InnoDB DEFAULT CHARSET=latin1;

--
-- Dumping data for table `notasacta`
--

/*!40000 ALTER TABLE `notasacta` DISABLE KEYS */;
INSERT INTO `notasacta` (`codigo`,`matricula`,`numeroacta`,`fecha`,`nota1`,`nota2`,`nota3`,`nota4`,`nota5`,`nota6`,`nota7`,`nota8`,`nota9`,`nota10`,`nota11`,`nota12`,`nota13`,`equivalencia`) VALUES 
 ('51827210cb30e2aa',19,NULL,'2009-07-06',16.000,17.200,20.000,19.250,72.450,18.113,18.113,18.113,NULL,NULL,NULL,NULL,NULL,NULL),
 ('5182724bcb493205',20,NULL,'2009-07-06',19.000,19.000,9.000,19.000,66.000,16.500,16.500,16.500,NULL,NULL,NULL,NULL,NULL,NULL),
 ('5182a87260350c6f',22,NULL,'2009-07-06',20.000,0.000,0.000,16.500,36.500,9.125,9.125,9.125,NULL,NULL,NULL,NULL,NULL,NULL),
 ('5182a894c3d0e129',23,NULL,'2009-07-06',20.000,0.000,0.000,15.500,35.500,8.875,8.875,8.875,NULL,NULL,NULL,NULL,NULL,NULL);
/*!40000 ALTER TABLE `notasacta` ENABLE KEYS */;


--
-- Definition of table `notasgrado`
--

DROP TABLE IF EXISTS `notasgrado`;
CREATE TABLE `notasgrado` (
  `codigo` varchar(20) NOT NULL default '',
  `matricula` int(11) default NULL,
  `fecha` date default NULL,
  `nota1` double(9,4) default NULL,
  `nota2` double(9,4) default NULL,
  `nota3` double(9,4) default NULL,
  `nota4` double(9,4) default NULL,
  `nota5` double(9,4) default NULL,
  `nota6` double(9,4) default NULL,
  `nota7` double(9,4) default NULL,
  `nota8` double(9,4) default NULL,
  `nota9` double(9,4) default NULL,
  `nota10` double(9,4) default NULL,
  `nota11` double(9,4) default NULL,
  PRIMARY KEY  (`codigo`),
  KEY `FK_matricula` (`matricula`),
  CONSTRAINT `FK_notasgradoMatricula` FOREIGN KEY (`matricula`) REFERENCES `matriculas` (`codigomat`)
) ENGINE=InnoDB DEFAULT CHARSET=latin1;

--
-- Dumping data for table `notasgrado`
--

/*!40000 ALTER TABLE `notasgrado` DISABLE KEYS */;
INSERT INTO `notasgrado` (`codigo`,`matricula`,`fecha`,`nota1`,`nota2`,`nota3`,`nota4`,`nota5`,`nota6`,`nota7`,`nota8`,`nota9`,`nota10`,`nota11`) VALUES 
 ('341e2daa71b5181b',22,'2009-06-30',20.0000,13.0000,16.5000,NULL,NULL,NULL,NULL,NULL,NULL,NULL,NULL),
 ('341e8e2a813c9717',23,'2009-06-30',15.0000,16.0000,15.5000,NULL,NULL,NULL,NULL,NULL,NULL,NULL,NULL),
 ('39cab9d907438830',19,'2009-07-01',19.0000,19.5000,19.2500,NULL,NULL,NULL,NULL,NULL,NULL,NULL,NULL),
 ('39caba0aba96a76f',20,'2009-07-01',18.0000,20.0000,19.0000,NULL,NULL,NULL,NULL,NULL,NULL,NULL,NULL);
/*!40000 ALTER TABLE `notasgrado` ENABLE KEYS */;


--
-- Definition of table `notasrecord`
--

DROP TABLE IF EXISTS `notasrecord`;
CREATE TABLE `notasrecord` (
  `codigo` int(11) NOT NULL auto_increment,
  `estudiante` int(11) default NULL,
  `primero` double(9,3) default NULL,
  `segundo` double(9,3) default NULL,
  `tercero` double(9,3) default NULL,
  `cuarto` double(9,3) default NULL,
  `quinto` double(9,3) default NULL,
  `sexto` double(9,3) default NULL,
  `primerod` double(9,3) default NULL,
  `segundod` double(9,3) default NULL,
  `tercerd` double(9,3) default NULL,
  `cuartod` double(9,3) default NULL,
  `quintod` double(9,3) default NULL,
  `sextod` double(9,3) default NULL,
  PRIMARY KEY  (`codigo`),
  KEY `FK_notasrecordEstudiantes` (`estudiante`),
  CONSTRAINT `FK_notasrecordEstudiantes` FOREIGN KEY (`estudiante`) REFERENCES `estudiantes` (`codigoest`)
) ENGINE=InnoDB DEFAULT CHARSET=latin1;

--
-- Dumping data for table `notasrecord`
--

/*!40000 ALTER TABLE `notasrecord` DISABLE KEYS */;
INSERT INTO `notasrecord` (`codigo`,`estudiante`,`primero`,`segundo`,`tercero`,`cuarto`,`quinto`,`sexto`,`primerod`,`segundod`,`tercerd`,`cuartod`,`quintod`,`sextod`) VALUES 
 (17,7,15.000,16.000,17.000,18.000,20.000,20.000,20.000,20.000,20.000,20.000,20.000,20.000),
 (18,17,19.000,19.000,19.000,19.000,19.000,9.000,19.000,19.000,9.000,1.000,0.000,0.000),
 (19,5,0.000,0.000,0.000,0.000,0.000,0.000,0.000,0.000,0.000,0.000,0.000,0.000),
 (20,13,0.000,0.000,0.000,0.000,0.000,0.000,0.000,0.000,0.000,0.000,0.000,0.000),
 (21,4,0.000,0.000,0.000,0.000,0.000,0.000,0.000,0.000,0.000,0.000,0.000,0.000),
 (22,16,1.378,0.000,0.000,0.000,0.000,0.000,0.000,0.000,0.000,0.000,0.000,0.000),
 (23,2,0.666,0.000,0.000,0.000,0.000,0.000,0.000,0.000,0.000,0.000,0.000,0.000),
 (24,12,0.000,0.000,0.000,0.000,0.000,0.000,0.000,0.000,0.000,0.000,0.000,0.000),
 (25,14,0.000,0.000,0.000,0.000,0.000,0.000,0.000,0.000,0.000,0.000,0.000,0.000),
 (26,11,0.000,0.000,0.000,0.000,0.000,0.000,0.000,0.000,0.000,0.000,0.000,0.000),
 (27,1,0.000,0.000,0.000,0.000,0.000,0.000,0.000,0.000,0.000,0.000,0.000,0.000),
 (28,8,0.000,0.000,0.000,0.000,0.000,0.000,0.000,0.000,0.000,0.000,0.000,0.000),
 (29,9,0.000,0.000,0.000,0.000,0.000,0.000,0.000,0.000,0.000,0.000,0.000,0.000),
 (30,15,0.000,0.000,0.000,0.000,0.000,0.000,0.000,0.000,0.000,0.000,0.000,0.000),
 (36,24,0.000,0.000,0.000,0.000,0.000,0.000,0.000,0.000,0.000,0.000,0.000,0.000),
 (37,21,0.000,0.000,0.000,0.000,0.000,0.000,0.000,0.000,0.000,0.000,0.000,0.000),
 (38,25,0.000,0.000,0.000,0.000,0.000,0.000,0.000,0.000,0.000,0.000,0.000,0.000),
 (39,23,0.000,0.000,0.000,0.000,0.000,0.000,0.000,0.000,0.000,0.000,0.000,0.000),
 (40,26,0.000,0.000,0.000,0.000,0.000,0.000,0.000,0.000,0.000,0.000,0.000,0.000);
/*!40000 ALTER TABLE `notasrecord` ENABLE KEYS */;


--
-- Definition of table `parametros_globales`
--

DROP TABLE IF EXISTS `parametros_globales`;
CREATE TABLE `parametros_globales` (
  `codigopar` int(11) NOT NULL,
  `periodo` int(11) default NULL,
  `variable` varchar(20) default NULL,
  `descripcion` varchar(50) default NULL,
  `tipo` varchar(1) default NULL,
  `cvalor` varchar(100) default NULL,
  `nvalor` double(8,4) default NULL,
  `dvalor` date default NULL,
  `bvalor` tinyint(1) default NULL,
  PRIMARY KEY  (`codigopar`),
  KEY `FK_parametros_globales` (`periodo`),
  KEY `FKEA65F7D6A274C238` (`periodo`),
  CONSTRAINT `FKEA65F7D6A274C238` FOREIGN KEY (`periodo`) REFERENCES `periodo` (`codigoper`),
  CONSTRAINT `FK_paraperiodo` FOREIGN KEY (`periodo`) REFERENCES `periodo` (`codigoper`)
) ENGINE=InnoDB DEFAULT CHARSET=latin1;

--
-- Dumping data for table `parametros_globales`
--

/*!40000 ALTER TABLE `parametros_globales` DISABLE KEYS */;
INSERT INTO `parametros_globales` (`codigopar`,`periodo`,`variable`,`descripcion`,`tipo`,`cvalor`,`nvalor`,`dvalor`,`bvalor`) VALUES 
 (1,NULL,NULL,'TIPO DE BASE','C','M',NULL,NULL,NULL),
 (3,1,'RESPALDOS','UBICACIN DE LOS RESPALDOS','C','D:\\RESPALDOS',NULL,NULL,NULL),
 (4,NULL,'IP','IP DEL SERVIDOR','C','localhost',NULL,NULL,NULL),
 (5,NULL,'USUARIO','USUARIO DE LA BASE','C','root',NULL,NULL,NULL),
 (6,NULL,'CLAVES','USUARIO DE LA BASE','C','',NULL,NULL,NULL),
 (7,1,'DECIMALESPRO','# DE DECIMALES PARA LA PROMEDIOS','N',NULL,3.0000,NULL,NULL),
 (8,1,'DECIMALESDIS','# DE DECIMALES PARA DISCIPLINA','N',NULL,0.0000,NULL,NULL),
 (9,1,'MATRICULA','# ACTUAL DE MATRICULA','N',NULL,39.0000,NULL,NULL),
 (10,1,'DISCIPLINAIMPR','SE IMPRIME CUADRO DE FALTAS EN LIBRETA','L',NULL,NULL,NULL,1),
 (14,1,'FIR1','FIRMA NO. 1 DE LA LIBRETA ','C','Dr. Ismael Jad谩n',NULL,NULL,NULL),
 (15,1,'CAR1','CARGO NO. 1 DE LA LIBRETA','C','Director',NULL,NULL,NULL),
 (16,1,'FIR2','FIRMA NO. 2 DE LA LIBRETA','C','[INSPECTOR]',NULL,NULL,NULL),
 (17,1,'CAR2','CARGO NO. 2 DE LA LIBRETA','C','Inspector',NULL,NULL,NULL),
 (18,1,'FIR3','FIRMA NO. 3 DE LA LIBRETA','C','[REPRESENTANTE]',NULL,NULL,NULL),
 (19,1,'CAR3','CARGO NO. 3 DE LA LIBRETA','C','Representante',NULL,NULL,NULL),
 (20,1,'PROMCUAN','PROMEDIO DE LIBRETA CUANTITATIVO','L',NULL,NULL,NULL,1),
 (21,1,'DISCCUAN','PROMEDIO DE DISCIPLINA CUANTITATIVO','L',NULL,NULL,NULL,1),
 (22,1,'TIPODISCIPLINA','FORMA EN QUE CALIFICAN LA DISCIPLINA','C','MITAD',NULL,NULL,NULL);
/*!40000 ALTER TABLE `parametros_globales` ENABLE KEYS */;


--
-- Definition of table `perfil`
--

DROP TABLE IF EXISTS `perfil`;
CREATE TABLE `perfil` (
  `codigo` int(11) NOT NULL auto_increment,
  `nombre` varchar(200) default NULL,
  `tipo` tinyint(1) default NULL,
  `paralumno` tinyint(1) default NULL,
  PRIMARY KEY  (`codigo`)
) ENGINE=InnoDB DEFAULT CHARSET=latin1;

--
-- Dumping data for table `perfil`
--

/*!40000 ALTER TABLE `perfil` DISABLE KEYS */;
INSERT INTO `perfil` (`codigo`,`nombre`,`tipo`,`paralumno`) VALUES 
 (1,'Control de Tareas',1,1),
 (2,'Acude periodicamente a informarse',1,1),
 (3,'Acude a las convocatorias',1,1),
 (4,'Es participativo en el adelanto material del ambiente escolar',1,1),
 (5,'Se preocupa por crear un ambiente de unidad',1,1),
 (6,'Es comunicativo y Solidario',1,0),
 (7,'Cumple Deberes',1,0),
 (8,'Es apoyo permanente para la instituci贸n y comunidad educativa',0,0),
 (9,'Acude a las convocatorias de la instituci贸n',0,0),
 (10,'Es Apoyo permanenente para la instituci贸n y para la comunidad educativa',0,0),
 (12,'Colabora con la Instituci贸n',0,0),
 (14,'Es respetuoso y cordial con maestros y compa帽eros',0,1),
 (15,'Asiste con puntualidad',0,1),
 (16,'Es responsable en el cumplimiento de sus deberes y obligaciones',0,1),
 (17,'Colabora con la disciplina y el ornato del colegio',0,1),
 (23,'Cumple Deberes',0,1),
 (24,'Es Apoyo permanenente para la instituci贸n y para la comunidad educativa',0,0),
 (25,'Acude a convocatorias del colegio',0,0),
 (26,'Asiste puntualmente a clases',1,0);
/*!40000 ALTER TABLE `perfil` ENABLE KEYS */;


--
-- Definition of table `periodo`
--

DROP TABLE IF EXISTS `periodo`;
CREATE TABLE `periodo` (
  `codigoper` int(11) NOT NULL,
  `descripcion` varchar(20) default NULL,
  `estado` tinyint(1) default NULL,
  `institucion` int(11) default NULL,
  `seccion` int(11) default NULL,
  PRIMARY KEY  (`codigoper`),
  KEY `FK_periodo_lectivo` (`estado`),
  KEY `FKD78B42CED4BA656E` (`institucion`),
  KEY `FK_periodoSeccion` (`seccion`),
  CONSTRAINT `FK_periodoinstitucion` FOREIGN KEY (`institucion`) REFERENCES `institucion` (`codigoinst`),
  CONSTRAINT `FK_periodoSeccion` FOREIGN KEY (`seccion`) REFERENCES `global` (`codigo`)
) ENGINE=InnoDB DEFAULT CHARSET=latin1;

--
-- Dumping data for table `periodo`
--

/*!40000 ALTER TABLE `periodo` DISABLE KEYS */;
INSERT INTO `periodo` (`codigoper`,`descripcion`,`estado`,`institucion`,`seccion`) VALUES 
 (1,'2008-2009',1,1,7),
 (2,'2009-2010',0,1,7),
 (3,'2009-2010',1,2,15);
/*!40000 ALTER TABLE `periodo` ENABLE KEYS */;


--
-- Definition of table `representante`
--

DROP TABLE IF EXISTS `representante`;
CREATE TABLE `representante` (
  `codigorep` int(11) NOT NULL,
  `apellidos` varchar(40) default NULL,
  `nombres` varchar(40) default NULL,
  `direccion` varchar(50) default NULL,
  `telefono` varchar(10) default NULL,
  `email` varchar(50) default NULL,
  `apepadre` varchar(100) default NULL,
  `nompadre` varchar(100) default NULL,
  `telpadre` varchar(50) default NULL,
  `dirpadre` varchar(100) default NULL,
  `mailpadre` varchar(100) default NULL,
  `apemadre` varchar(100) default NULL,
  `nommadre` varchar(100) default NULL,
  `dirmadre` varchar(100) default NULL,
  `telmadre` varchar(50) default NULL,
  `mailmadre` varchar(100) default NULL,
  `profesionmadre` varchar(100) default NULL,
  `profesionpadre` varchar(100) default NULL,
  `ocupacionmadre` varchar(13) default NULL,
  `ocupacionpadre` varchar(100) default NULL,
  `identificacionpadre` varchar(13) default NULL,
  `identificacionmadre` varchar(13) default NULL,
  `identificacionrepre` varchar(13) default NULL,
  `identificacionfactura` varchar(13) default NULL,
  `nombrefactura` varchar(100) default NULL,
  `telfactura` varchar(50) default NULL,
  `dirfactura` varchar(100) default NULL,
  `tipoidentificacion` varchar(2) default NULL,
  PRIMARY KEY  (`codigorep`)
) ENGINE=InnoDB DEFAULT CHARSET=latin1;

--
-- Dumping data for table `representante`
--

/*!40000 ALTER TABLE `representante` DISABLE KEYS */;
INSERT INTO `representante` (`codigorep`,`apellidos`,`nombres`,`direccion`,`telefono`,`email`,`apepadre`,`nompadre`,`telpadre`,`dirpadre`,`mailpadre`,`apemadre`,`nommadre`,`dirmadre`,`telmadre`,`mailmadre`,`profesionmadre`,`profesionpadre`,`ocupacionmadre`,`ocupacionpadre`,`identificacionpadre`,`identificacionmadre`,`identificacionrepre`,`identificacionfactura`,`nombrefactura`,`telfactura`,`dirfactura`,`tipoidentificacion`) VALUES 
 (1,'HURTADO','JORGE','.','123','1','MORALES','APP','32222','DIRPA','MAIPAD','APEMADRE','APEMADRE','DIRMADRE','33TELMADRE','MAILMA','PROFE','PROFEPA','TRANAMA','TRABAPA','1111111','2222222','333333','','','','','CF'),
 (2,'PAREJA ','JUNIOR','.','','','PAREJA ','NOMB','323','SADFSD','3','APEMADRE','APEMADRE','SDSDDIRMADRE','33TELMADRE','MAILMA','PROFE','PROFEPA','TRANAMA','TRABAPA','1111111','','',NULL,NULL,NULL,NULL,'CF'),
 (3,'JARA','XAVIER','.','','','JARA','JARA LUZURIAGA','3400925','LA FLORESTA','6','APEMADRE','APEMADRE','DIRMADRE','33TELMADRE','MAILMA','PROFE','PROFEPA','TRANAMA','TRABAPA','1212121212','','1212121212',NULL,NULL,NULL,NULL,'CF'),
 (4,'REYES','GEOVANNY','SAN CARLOS','232323','','REYES','JADANx','232323','SAN CARLOS','3','APEMADREx','APEMADREx','DIRMADRE','33TELMADRE','MAILMA','PROFE','PROFEPA','TRANAMAx','TRABAPA','1309700548','','1309700548','1212121212','asd','3232','asdf','C'),
 (5,'HURTADO','MARIA','CONDADO','22323','','HURTADO','PARRALES','2282','CONDADO','4','HURTADO','HURTADO','CONDADO','22323','MAILMA','PROFE','PROFEPA','TRANAMA','TRABAPA','','','','','','','','CF'),
 (-2147483642,'OTRO','OTROOO','S','','','','','','','','','','','','','','','','','','','',NULL,NULL,NULL,NULL,'CF'),
 (7,'MODIICADO APLLEIDO','MODIFICADO','','','','','','','','','','','','','','','','','','','','232323',NULL,NULL,NULL,NULL,'CF'),
 (8,'CHAMORRO','NOMBRE','SDSD','','','','','','','','','','','','','','','','','','','32323232',NULL,NULL,NULL,NULL,'CF'),
 (9,'JADAN ORTEGA','GEOVANNY ','SAN CARLOS','','','','','','','','','','','','','','','','','','','1212121212',NULL,NULL,NULL,NULL,'CF'),
 (10,'JADAN','GEOVANNY ','SAN CARLOS','','','','','','','','','','','','','','','','','','','1313131313',NULL,NULL,NULL,NULL,'CF'),
 (11,'ANDRADE MARIN','CARLOS','El Bosque','3456900','www.njdio.@','ANDRADE','Carlos Luis','3456900','El Bosque ','www.njdio.@','Correa CAstillo','Maria de los Angeles','El Bosque','3456900','WWW. judio.@','Docente','','Profesora','Carpintero','','','',NULL,NULL,NULL,NULL,'CF'),
 (12,'BUSTAMANTE','MARIO','El Bosque','3456900','www.njdio.@','BUSTAMANTE','Carlos Luis','3456900','El Bosque ','www.njdio.@','Correa CAstillo','Maria de los Angeles','El Bosque','3456900','WWW. judio.@','Docente','','Profesora','Carpintero','','','',NULL,NULL,NULL,NULL,'CF'),
 (13,'CASTRO','VICTOR','El Bosque','3456900','www.njdio.@','CASTRO','Carlos Luis','3456900','El Bosque ','www.njdio.@','Correa CAstillo','Maria de los Angeles','El Bosque','3456900','WWW. judio.@','Docente','','Profesora','Carpintero','','','',NULL,NULL,NULL,NULL,'CF'),
 (14,'VIZUETE','ANDRES','El Bosque','3456900','www.njdio.@','VIZUETE','Carlos Luis','3456900','El Bosque ','www.njdio.@','Correa CAstillo','Maria de los Angeles','El Bosque','3456900','WWW. judio.@','Docente','','Profesora','Carpintero','','','',NULL,NULL,NULL,NULL,'CF'),
 (15,'ORDONEZ','JULIO','','','','ORDONEZ','','','','','','','','','','','','','','','','',NULL,NULL,NULL,NULL,'CF'),
 (16,'BENALCAZAR','ADRIAN','.','3','','BENALCAZA','','','','','','','','','','','','','','','','1',NULL,NULL,NULL,NULL,'CF'),
 (17,'NUEVO NNN','NUEVO NUEVO','NINNN','','','','','','','','','','','','','','','','','','','1231212','9999999999999','CONSUMIDOR FINAL','9999999999999','S/D','CF');
/*!40000 ALTER TABLE `representante` ENABLE KEYS */;


--
-- Definition of table `resultadoperfil`
--

DROP TABLE IF EXISTS `resultadoperfil`;
CREATE TABLE `resultadoperfil` (
  `codigo` int(11) NOT NULL auto_increment,
  `matricula` int(11) default NULL,
  `perfil` int(11) default NULL,
  `periodo` int(11) default NULL,
  `valor` varchar(30) default NULL,
  PRIMARY KEY  (`codigo`),
  KEY `FKC19FB9FBCC4EDE17` (`matricula`),
  KEY `FKC19FB9FB91A0937C` (`perfil`),
  KEY `FKC19FB9FBA274C238` (`periodo`),
  CONSTRAINT `FKC19FB9FB91A0937C` FOREIGN KEY (`perfil`) REFERENCES `perfil` (`codigo`),
  CONSTRAINT `FKC19FB9FBA274C238` FOREIGN KEY (`periodo`) REFERENCES `periodo` (`codigoper`),
  CONSTRAINT `FKC19FB9FBCC4EDE17` FOREIGN KEY (`matricula`) REFERENCES `matriculas` (`codigomat`),
  CONSTRAINT `FK_resultadoperfil` FOREIGN KEY (`matricula`) REFERENCES `matriculas` (`codigomat`),
  CONSTRAINT `FK_resultadoperfill` FOREIGN KEY (`perfil`) REFERENCES `perfil` (`codigo`),
  CONSTRAINT `FK_resultaperido` FOREIGN KEY (`periodo`) REFERENCES `periodo` (`codigoper`)
) ENGINE=InnoDB DEFAULT CHARSET=latin1;

--
-- Dumping data for table `resultadoperfil`
--

/*!40000 ALTER TABLE `resultadoperfil` DISABLE KEYS */;
/*!40000 ALTER TABLE `resultadoperfil` ENABLE KEYS */;


--
-- Definition of table `rubros`
--

DROP TABLE IF EXISTS `rubros`;
CREATE TABLE `rubros` (
  `codigorub` int(11) NOT NULL,
  `mes` int(11) default NULL,
  `matricula` int(11) default NULL,
  `producto` int(11) default NULL,
  `anio` int(11) default NULL,
  `valor` double(10,2) default NULL,
  `beca` double(10,2) default NULL,
  `otros` double(10,2) default NULL,
  `total` double(10,2) default NULL,
  `referencia` varchar(50) default NULL,
  `fechai` date default NULL,
  `fechaf` date default NULL,
  `fechafac` date default NULL,
  `estado` tinyint(1) default '0',
  `grabaiva` tinyint(1) default NULL,
  PRIMARY KEY  (`codigorub`),
  KEY `FK_rubrosproducto` (`producto`),
  KEY `FK_rubrosmese` (`mes`),
  KEY `FK_rubrosmatricula` (`matricula`),
  CONSTRAINT `FK_rubrosmatricula` FOREIGN KEY (`matricula`) REFERENCES `matriculas` (`codigomat`),
  CONSTRAINT `FK_rubrosmese` FOREIGN KEY (`mes`) REFERENCES `meses` (`codigo`),
  CONSTRAINT `FK_rubrosproducto` FOREIGN KEY (`producto`) REFERENCES `invproductos` (`invpro_codigo`)
) ENGINE=InnoDB DEFAULT CHARSET=latin1;

--
-- Dumping data for table `rubros`
--

/*!40000 ALTER TABLE `rubros` DISABLE KEYS */;
/*!40000 ALTER TABLE `rubros` ENABLE KEYS */;


--
-- Definition of table `sistemacalificacion`
--

DROP TABLE IF EXISTS `sistemacalificacion`;
CREATE TABLE `sistemacalificacion` (
  `codigosis` int(11) NOT NULL,
  `trimestre` int(11) default NULL,
  `periodo` int(11) default NULL,
  `nombre` varchar(100) default ' ',
  `abreviatura` varchar(10) default ' ',
  `fechainicial` date default NULL,
  `fechafinal` date default NULL,
  `notalimite` double(9,2) default '0.00',
  `conduca` double(9,2) default '0.00',
  `seimprime` tinyint(1) default '0',
  `espromedio` tinyint(1) default '0',
  `formula` varchar(200) default NULL,
  `orden` int(11) default NULL,
  `esdisciplina` tinyint(1) default NULL,
  `formuladisciplina` varchar(200) default NULL,
  `formulafaltas` varchar(200) default NULL,
  `promediofinal` varchar(3) default 'NI',
  `faltas` tinyint(4) default '0',
  PRIMARY KEY  (`codigosis`),
  KEY `FK_aca_sistemanotaspERIODO` (`trimestre`),
  KEY `FK_sistemacalificacion` (`periodo`),
  KEY `FK7C6F8B2372F31937` (`trimestre`),
  KEY `FK7C6F8B23A274C238` (`periodo`),
  CONSTRAINT `FK7C6F8B2372F31937` FOREIGN KEY (`trimestre`) REFERENCES `trimestres` (`codigotrim`),
  CONSTRAINT `FK7C6F8B23A274C238` FOREIGN KEY (`periodo`) REFERENCES `periodo` (`codigoper`),
  CONSTRAINT `FK_sistemacalificacion` FOREIGN KEY (`periodo`) REFERENCES `periodo` (`codigoper`),
  CONSTRAINT `FK_sisttriemstre` FOREIGN KEY (`trimestre`) REFERENCES `trimestres` (`codigotrim`)
) ENGINE=InnoDB DEFAULT CHARSET=latin1;

--
-- Dumping data for table `sistemacalificacion`
--

/*!40000 ALTER TABLE `sistemacalificacion` DISABLE KEYS */;
INSERT INTO `sistemacalificacion` (`codigosis`,`trimestre`,`periodo`,`nombre`,`abreviatura`,`fechainicial`,`fechafinal`,`notalimite`,`conduca`,`seimprime`,`espromedio`,`formula`,`orden`,`esdisciplina`,`formuladisciplina`,`formulafaltas`,`promediofinal`,`faltas`) VALUES 
 (1,1,1,'Octubre','Oct.','2009-07-01','2009-07-25',20.00,0.00,1,0,'',1,0,'','','NI',0),
 (2,1,1,'Noviembre','Nov.','2008-12-16','2009-06-23',20.00,0.00,1,0,'',2,0,'','','NI',0),
 (3,1,1,'Diciembre','Dic.','2008-09-01','2008-09-30',20.00,0.00,1,0,'',3,0,'','','NI',0),
 (4,2,1,'Enero','Ene.','2008-09-01','2008-09-01',20.00,0.00,1,0,'',8,0,'','','NI',0),
 (5,2,1,'Febrero','Feb.','2008-09-01','2008-09-01',20.00,0.00,1,0,'',9,0,'','','NI',0),
 (6,2,1,'Marzo','Mar.','2008-09-01','2008-09-01',20.00,0.00,1,0,'',10,0,'','','NI',0),
 (7,3,1,'Abril','Abril','2008-09-01','2008-09-01',20.00,0.00,1,0,'',13,0,'','','NI',0),
 (8,3,1,'Mayo','May','2008-09-01','2008-09-01',20.00,0.00,1,0,'',14,0,'','','NI',0),
 (9,3,1,'Junio','Jun','2008-09-01','2008-09-01',20.00,0.00,1,0,'',15,0,'','','NI',0),
 (10,4,1,'Sumatoria','Sum.','2008-09-01','2008-09-28',20.00,0.00,0,1,'(nota4()+nota8()+nota12())',17,1,'(nota4()+nota8()+nota12())','','NI',1),
 (11,1,1,'Promedio I','PromI','2008-09-02','2009-05-30',20.00,0.00,0,1,'redondear((nota1()+nota2()+nota3())/3,2)',4,1,'','','NI',1),
 (12,2,1,'PromedioII','PromII','2008-09-02','2009-02-23',20.00,0.00,0,1,'redondear((nota5()+nota6()+nota7())/3,2)',11,1,'','','NI',1),
 (13,3,1,'PromedioIII','PromIII','2008-09-02','2009-02-23',20.00,0.00,0,1,'redondear((nota9()+nota10()+nota11())/3,2)',16,1,'','','NI',1),
 (14,4,1,'Promedio General','PG','2008-09-02','2008-09-02',20.00,0.00,0,1,'redondear(nota13()/3,2)',18,1,'nota13()/3','nota13()/3','PG',1),
 (15,4,1,'Supletorio','SU.','2008-09-02','2008-09-20',20.00,0.00,0,1,'',19,0,'','','PG',0),
 (16,4,1,'Final','PF','2008-09-02','2008-09-02',20.00,0.00,0,1,'(nota15()==0.0?nota14():(nota15()+nota14())/2)',20,1,'nota14()','nota14()','PF',1),
 (19,5,2,'Octubre','Oct.','2008-09-01','2014-12-16',20.00,20.00,1,0,'',1,0,'','','NI',0),
 (20,5,2,'Noviembre','Nov.','2008-12-16','2010-12-24',20.00,20.00,1,0,'',2,0,'','','NI',0),
 (21,5,2,'Diciembre','Dic.','2008-09-01','2008-09-30',20.00,20.00,1,0,'',3,0,'','','NI',0),
 (22,5,2,'Promedio I','PromI','2008-09-02','2010-05-30',20.00,20.00,0,1,'redondear((nota1()+nota2()+nota3())/3,2)',4,1,'','','NI',1),
 (23,6,2,'Enero','Ene.','2008-09-01','2008-09-01',20.00,20.00,1,0,'',8,0,'','','NI',0),
 (24,6,2,'Febrero','Feb.','2008-09-01','2008-09-01',20.00,20.00,1,0,'',9,0,'','','NI',0),
 (25,6,2,'Marzo','Mar.','2008-09-01','2008-09-01',20.00,20.00,1,0,'',10,0,'','','NI',0),
 (26,6,2,'PromedioII','PromII','2008-09-02','2009-02-23',20.00,20.00,0,1,'redondear((nota5()+nota6()+nota7())/3,2)',11,1,'','','NI',1),
 (27,7,2,'Abril','Abril','2008-09-01','2008-09-01',20.00,20.00,1,0,'',13,0,'','','NI',0),
 (28,7,2,'Mayo','May','2008-09-01','2008-09-01',20.00,20.00,1,0,'',14,0,'','','NI',0),
 (29,7,2,'Junio','Jun','2008-09-01','2008-09-01',20.00,20.00,1,0,'',15,0,'','','NI',0),
 (30,7,2,'PromedioIII','PromIII','2008-09-02','2009-02-23',20.00,20.00,0,1,'redondear((nota9()+nota10()+nota11())/3,2)',16,1,'','','NI',1),
 (31,7,2,'caro de los arboles','casa','2009-01-02','2009-06-02',20.00,20.00,0,0,'',14,1,'','','PG',0),
 (32,8,2,'Sumatoria','Sum.','2008-09-01','2008-09-28',20.00,20.00,0,1,'(nota4()+nota8()+nota12())',17,1,'(nota4()+nota8()+nota12())','','NI',1),
 (33,8,2,'Promedio General','PG','2008-09-02','2008-09-02',20.00,20.00,0,1,'redondear(nota13()/3,2)',18,1,'nota13()/3','nota13()/3','PG',1),
 (34,8,2,'Supletorio','SU.','2008-09-02','2008-09-20',20.00,20.00,0,1,'',19,0,'','','PG',0),
 (35,8,2,'Final','PF','2008-09-02','2008-09-02',20.00,20.00,0,1,'(nota15()==0.0?nota14():(nota15()+nota14())/2)',20,1,'nota14()','nota14()','PF',1);
/*!40000 ALTER TABLE `sistemacalificacion` ENABLE KEYS */;


--
-- Definition of table `tblnews`
--

DROP TABLE IF EXISTS `tblnews`;
CREATE TABLE `tblnews` (
  `news_item` int(11) NOT NULL auto_increment,
  `date_begin` bigint(20) NOT NULL,
  `date_end` bigint(20) NOT NULL,
  `title` varchar(200) NOT NULL,
  `content` longtext NOT NULL,
  `header_color` varchar(10) NOT NULL,
  `content_color` varchar(10) NOT NULL,
  `isLocked` tinyint(1) NOT NULL,
  PRIMARY KEY  (`news_item`)
) ENGINE=InnoDB DEFAULT CHARSET=utf8;

--
-- Dumping data for table `tblnews`
--

/*!40000 ALTER TABLE `tblnews` DISABLE KEYS */;
INSERT INTO `tblnews` (`news_item`,`date_begin`,`date_end`,`title`,`content`,`header_color`,`content_color`,`isLocked`) VALUES 
 (6,1248678000000,1248685200000,'','ACTIVIDAD','green','green',0),
 (7,1247704200000,1247711400000,'','REUNION A LAS 10','green','green',0),
 (8,1247760000000,1247763600000,'','REUNION CON EL RECTOR','blue','blue',0),
 (9,1247788800000,1247875200000,'','Reunion a las 10','red','red',0),
 (10,1249743600000,1249761600000,'','minga','green','green',0),
 (11,1250168400000,1250184600000,'','REUNION DE PADRES','red','red',0);
/*!40000 ALTER TABLE `tblnews` ENABLE KEYS */;


--
-- Definition of table `textos`
--

DROP TABLE IF EXISTS `textos`;
CREATE TABLE `textos` (
  `codigotext` int(11) NOT NULL,
  `periodo` int(11) default NULL,
  `variable` varchar(10) default NULL,
  `nombre` varchar(100) default NULL,
  `mensaje` longtext,
  PRIMARY KEY  (`codigotext`),
  KEY `FK_aca_mensajes` (`periodo`),
  KEY `FKCBB9BBD1A274C238` (`periodo`),
  CONSTRAINT `FKCBB9BBD1A274C238` FOREIGN KEY (`periodo`) REFERENCES `periodo` (`codigoper`),
  CONSTRAINT `FK_textos` FOREIGN KEY (`periodo`) REFERENCES `periodo` (`codigoper`)
) ENGINE=InnoDB DEFAULT CHARSET=latin1;

--
-- Dumping data for table `textos`
--

/*!40000 ALTER TABLE `textos` DISABLE KEYS */;
INSERT INTO `textos` (`codigotext`,`periodo`,`variable`,`nombre`,`mensaje`) VALUES 
 (1,1,'CERTMATR','Certificado de Matricula','Curso: [curso] \nQuien Suscribe Rectora y Secretaria Certifican que, el(la) Sr(ita):\n[estudiante]\nPrevio el cumplimineto de los requisitos legales, se matricul贸 en el curso indicado seg煤n consta en los registros de matriculas que reposan en esta instituci贸n.'),
 (2,1,'LIBRE','Libreta de Calificaciones','El estudiante a obtenido las siguientes calificaciones:'),
 (3,1,'LIBAPR','Pie Libreta Calificaciones Aprobado','El estudiante a aprobado....'),
 (4,1,'LIBREP','Pie Libreta Calificaciones Reprobado','El estudiante a reprobado'),
 (5,1,'ACTAMATR','Acta Matricula',NULL),
 (6,1,'CABEACT1','Cabecera de No. 1 de Acta de Grado','En Quito, provincia de Pichincha el [fecha], el Consejo Directivo de la Unidad Educativa \"TRAMPOLIN\", integrado por los siguientes miembros se帽ores: Jadan Ismael, Jadan Romina, Cahuenas Ang茅lica'),
 (7,1,'CABEACT2','Cabecera de No. 2 de Acta de Grado','De conformidad con el Acuerdo Ministerial Nro. 1382 de la Reforma Curricular de la Ley de Educaci贸n y Cultura, certifica que (e)l(a) se帽or(ita): [estudiante] ha obtenido los siguientes promedios:'),
 (8,1,'PIEACT1','Pie No.1 de Acta de Grado','En virtud de la aprobaci贸n, el Honorable Concejo Directivo, le confiere el T铆tuto de:'),
 (9,1,'PIEACT2','Pie No.2 de Acta de Grado','Por todo lo actuado, los miembros del Consejo Directivo, se ratifican y firman en unidad de acto, juntamente con la Secretar铆a que da fe y certifica.'),
 (10,1,'CABEACT1C','Cabecera de No. 1 de Acta de Grado','En Quito, provincia de Pichincha el [fecha], el Consejo Directivo de la Unidad Educativa \"TRAMPOLIN\", integrado por los siguientes miembros se帽ores: Jadan Ismael, Jadan Romina, Cahuenas Ang茅lica'),
 (11,1,'CABEACT2C','Cabecera de No. 2 de Acta de Grado','De conformidad con el Acuerdo Ministerial Nro. 1382 de la Reforma Curricular de la Ley de Educaci贸n y Cultura, certifica que (e)l(a) se帽or(ita): [estudiante] ha obtenido los siguientes promedios:'),
 (12,1,'PIEACT1C','Pie No.1 de Acta de Grado','En virtud de la aprobaci贸n, el Honorable Concejo Directivo, le confiere el T铆tuto de:'),
 (13,1,'PIEACT2C','Pie No.2 de Acta de Grado','Por todo lo actuado, los miembros del Consejo Directivo, se ratifican y firman en unidad de acto, juntamente con la Secretar铆a que da fe y certifica.'),
 (15,1,'CAR1','Cargo No.1 de Acta','RECTOR'),
 (16,1,'NOM1','Nombre No.1 de Acta','Ing. Carlos Hurtado'),
 (17,1,'CAR2','Cargo No. 2 de Acta','VICERRECTOR'),
 (18,1,'NOM2','Nombre No. 2 de Acta',NULL),
 (19,1,'CAR3','Cargo No. 3 de Acta','VOCAL 1'),
 (20,1,'NOM3','Nombre No. 3 de Acta',NULL),
 (21,1,'CAR4','Cargo No. 4 de Acta','VOCAL 2'),
 (22,1,'NOM4','Nombre No.4 de Acta',NULL),
 (23,1,'CAR5','Cargo No. 5 de Acta','CARGO 5'),
 (24,1,'NOM5','Nombre No. 5 de Acta',NULL),
 (25,1,'CAR6','Cargo No. 6 de Acta','CARGO 6'),
 (26,1,'NOM6','Nombre No. 6 de Acta',NULL),
 (27,1,'CAR7','Cargo No. 7 de Acta','CARGO 7'),
 (28,1,'NOM7','Nombre No.7 de Acta',NULL),
 (29,1,'CAR8','Cargo No. 8 de Acta','CARGO 8'),
 (30,1,'NOM8','Nombre No. 8 de Acta',' '),
 (31,1,'CMAT','Cabecera del Certificado de Promocion','La unidad educativa'),
 (32,1,'PACMAT','Pie del Certificado de Promoci贸n Aprobado','Aprobado'),
 (33,1,'PRCMAT','Pie del Certificado de Promoci贸n Reprobado','Reprobado');
/*!40000 ALTER TABLE `textos` ENABLE KEYS */;


--
-- Definition of table `trimestres`
--

DROP TABLE IF EXISTS `trimestres`;
CREATE TABLE `trimestres` (
  `codigotrim` int(11) NOT NULL,
  `descripcion` varchar(25) default NULL,
  `periodo` int(11) default NULL,
  PRIMARY KEY  (`codigotrim`)
) ENGINE=InnoDB DEFAULT CHARSET=latin1;

--
-- Dumping data for table `trimestres`
--

/*!40000 ALTER TABLE `trimestres` DISABLE KEYS */;
INSERT INTO `trimestres` (`codigotrim`,`descripcion`,`periodo`) VALUES 
 (1,'Primer Trimestre',1),
 (2,'Segundo Trimestre',1),
 (3,'Tercer Trimestre',1),
 (4,'Finales',1),
 (5,'Primer Trimestre',2),
 (6,'Segundo Trimestre',2),
 (7,'Tercer Trimestre',2),
 (8,'Finales',2);
/*!40000 ALTER TABLE `trimestres` ENABLE KEYS */;




/*!40101 SET SQL_MODE=@OLD_SQL_MODE */;
/*!40014 SET FOREIGN_KEY_CHECKS=@OLD_FOREIGN_KEY_CHECKS */;
/*!40014 SET UNIQUE_CHECKS=@OLD_UNIQUE_CHECKS */;
/*!40101 SET CHARACTER_SET_CLIENT=@OLD_CHARACTER_SET_CLIENT */;
/*!40101 SET CHARACTER_SET_RESULTS=@OLD_CHARACTER_SET_RESULTS */;
/*!40101 SET COLLATION_CONNECTION=@OLD_COLLATION_CONNECTION */;
/*!40101 SET CHARACTER_SET_CLIENT=@OLD_CHARACTER_SET_CLIENT */;
