<bundle>
<bundle-updatelocation>http://www-adele.imag.fr/~donsez/dev/osgi/javaxcomm/javaxcomm.jar</bundle-updatelocation>
<bundle-nativecode>/win32com.dll;osname=Windows95;osname=Windows98;osname=WindowsNT;osname=WindowsXP;processor=x86</bundle-nativecode>
<bundle-sourceurl>http://www-adele.imag.fr/~donsez/dev/osgi/javaxcomm/javaxcomm-src.jar</bundle-sourceurl>
<export-package package="javax.comm" specification-version="1.1.0"/>
<bundle-version>0.1.0</bundle-version>
<bundle-contactaddress>Didier DONSEZ (Didier.Donsez@ieee.org)</bundle-contactaddress>
<bundle-copyright>Library GNU Public License</bundle-copyright>
<bundle-name>Javax Comm</bundle-name>
<bundle-description>provides the SUN javax.comm API implementation for Windows (package javax.comm jar file, properties file and native lib)</bundle-description>
<bundle-docurl>http://www-adele.imag.fr/~donsez/dev/osgi/javaxcomm/readme.html</bundle-docurl>
<bundle-vendor>Didier DONSEZ</bundle-vendor>
</bundle>


